"Driver","Nationality","Continent","Seasons","Championships","Race_Entries","Race_Starts","Pole_Positions","Race_Wins","Podiums","Fastest_Laps","Points","Active","Championship Years","Decade","Pole_Rate","Start_Rate","Win_Rate","Podium_Rate","FastLap_Rate","Points_Per_Entry","Years_Active","Champion"
"Carlo Abate","Italy","Europe","[1962, 1963]",0,3,0,0,0,0,0,0,FALSE,NA,1960,0,0,0,0,0,0,2,FALSE
"George Abecassis","United Kingdom","Europe","[1951, 1952]",0,2,2,0,0,0,0,0,FALSE,NA,1950,0,1,0,0,0,0,2,FALSE
"Kenny Acheson","United Kingdom","Europe","[1983, 1985]",0,10,3,0,0,0,0,0,FALSE,NA,1980,0,0.3,0,0,0,0,2,FALSE
"Andrea de Adamich","Italy","Europe","[1968, 1970, 1971, 1972, 1973]",0,36,30,0,0,0,0,6,FALSE,NA,1970,0,0.833333333333333,0,0,0,0.166666666666667,5,FALSE
"Philippe Adams","Belgium","Europe","[1994]",0,2,2,0,0,0,0,0,FALSE,NA,1990,0,1,0,0,0,0,1,FALSE
"Walt Ader","United States","North America","[1950]",0,1,1,0,0,0,0,0,FALSE,NA,1950,0,1,0,0,0,0,1,FALSE
"Kurt Adolff","West Germany","Europe","[1953]",0,1,1,0,0,0,0,0,FALSE,NA,1950,0,1,0,0,0,0,1,FALSE
"Fred Agabashian","United States","North America","[1950, 1951, 1952, 1953, 1954, 1955, 1956, 1957]",0,9,8,1,0,0,0,1.5,FALSE,NA,1950,0.111111111111111,0.888888888888889,0,0,0,0.166666666666667,8,FALSE
"Kurt Ahrens Jr.","West Germany","Europe","[1966, 1967, 1968, 1969]",0,4,4,0,0,0,0,0,FALSE,NA,1970,0,1,0,0,0,0,4,FALSE
"Jack Aitken","United Kingdom","Europe","[2020]",0,1,1,0,0,0,0,0,FALSE,NA,2020,0,1,0,0,0,0,1,FALSE
"Christijan Albers","Netherlands","Europe","[2005, 2006, 2007]",0,46,46,0,0,0,0,4,FALSE,NA,2010,0,1,0,0,0,0.0869565217391304,3,FALSE
"Alexander Albon","Thailand","Asia","[2019, 2020, 2022]",0,61,60,0,0,2,0,202,TRUE,NA,2020,0,0.983606557377049,0,0.0327868852459016,0,3.31147540983607,3,FALSE
"Michele Alboreto","Italy","Europe","[1981, 1982, 1983, 1984, 1985, 1986, 1987, 1988, 1989, 1990, 1991, 1992, 1993, 1994]",0,215,194,2,5,23,5,186.5,FALSE,NA,1990,0.00930232558139534,0.902325581395349,0.0232558139534884,0.106976744186047,0.0232558139534884,0.867441860465116,14,FALSE
"Jean Alesi","France","Europe","[1989, 1990, 1991, 1992, 1993, 1994, 1995, 1996, 1997, 1998, 1999, 2000, 2001]",0,202,201,2,1,32,4,241,FALSE,NA,2000,0.0099009900990099,0.995049504950495,0.00495049504950495,0.158415841584158,0.0198019801980198,1.19306930693069,13,FALSE
"Jaime Alguersuari","Spain","Europe","[2009, 2010, 2011]",0,46,46,0,0,0,0,31,FALSE,NA,2010,0,1,0,0,0,0.673913043478261,3,FALSE
"Philippe Alliot","France","Europe","[1984, 1985, 1986, 1987, 1988, 1989, 1990, 1993, 1994]",0,116,109,0,0,0,0,7,FALSE,NA,1990,0,0.939655172413793,0,0,0,0.0603448275862069,9,FALSE
"Cliff Allison","United Kingdom","Europe","[1958, 1959, 1960, 1961]",0,18,16,0,0,1,0,11,FALSE,NA,1960,0,0.888888888888889,0,0.0555555555555556,0,0.611111111111111,4,FALSE
"Fernando Alonso","Spain","Europe","[2001, 2003, 2004, 2005, 2006, 2007, 2008, 2009, 2010, 2011, 2012, 2013, 2014, 2015, 2016, 2017, 2018, 2021, 2022]",2,359,356,22,32,99,23,2076,TRUE,"[2005, 2006]",2010,0.0612813370473538,0.991643454038997,0.0891364902506964,0.275766016713092,0.064066852367688,5.78272980501393,19,TRUE
"Giovanna Amati","Italy","Europe","[1992]",0,3,0,0,0,0,0,0,FALSE,NA,1990,0,0,0,0,0,0,1,FALSE
"George Amick","United States","North America","[1958]",0,2,1,0,0,1,0,6,FALSE,NA,1960,0,0.5,0,0.5,0,3,1,FALSE
"Red Amick","United States","North America","[1959, 1960]",0,2,2,0,0,0,0,0,FALSE,NA,1960,0,1,0,0,0,0,2,FALSE
"Chris Amon","New Zealand","Australia and Oceania","[1963, 1964, 1965, 1966, 1967, 1968, 1969, 1970, 1971, 1972, 1973, 1974, 1975, 1976]",0,108,96,5,0,11,3,83,FALSE,NA,1970,0.0462962962962963,0.888888888888889,0,0.101851851851852,0.0277777777777778,0.768518518518518,14,FALSE
"Bob Anderson","United Kingdom","Europe","[1963, 1964, 1965, 1966, 1967]",0,29,25,0,0,1,0,8,FALSE,NA,1960,0,0.862068965517241,0,0.0344827586206896,0,0.275862068965517,5,FALSE
"Conny Andersson","Sweden","Europe","[1976, 1977]",0,5,1,0,0,0,0,0,FALSE,NA,1980,0,0.2,0,0,0,0,2,FALSE
"Emil Andres","United States","North America","[1950]",0,1,0,0,0,0,0,0,FALSE,NA,1950,0,0,0,0,0,0,1,FALSE
"Mario Andretti","United States","North America","[1968, 1969, 1970, 1971, 1972, 1974, 1975, 1976, 1977, 1978, 1979, 1980, 1981, 1982]",1,131,128,18,12,19,10,180,FALSE,"[1978]",1980,0.137404580152672,0.977099236641221,0.0916030534351145,0.145038167938931,0.0763358778625954,1.37404580152672,14,TRUE
"Michael Andretti","United States","North America","[1993]",0,13,13,0,0,1,0,7,FALSE,NA,1990,0,1,0,0.0769230769230769,0,0.538461538461538,1,FALSE
"Keith Andrews","United States","North America","[1955, 1956]",0,3,2,0,0,0,0,0,FALSE,NA,1960,0,0.666666666666667,0,0,0,0,2,FALSE
"Elio de Angelis","Italy","Europe","[1979, 1980, 1981, 1982, 1983, 1984, 1985, 1986]",0,109,108,3,2,9,0,122,FALSE,NA,1980,0.0275229357798165,0.990825688073395,0.018348623853211,0.0825688073394495,0,1.11926605504587,8,FALSE
"Marco Apicella","Italy","Europe","[1993]",0,1,1,0,0,0,0,0,FALSE,NA,1990,0,1,0,0,0,0,1,FALSE
"Mário de Araújo Cabral","Portugal","Europe","[1959, 1960, 1963, 1964]",0,5,4,0,0,0,0,0,FALSE,NA,1960,0,0.8,0,0,0,0,4,FALSE
"Frank Armi","United States","North America","[1954]",0,3,1,0,0,0,0,0,FALSE,NA,1950,0,0.333333333333333,0,0,0,0,1,FALSE
"Chuck Arnold","United States","North America","[1959]",0,2,1,0,0,0,0,0,FALSE,NA,1960,0,0.5,0,0,0,0,1,FALSE
"René Arnoux","France","Europe","[1978, 1979, 1980, 1981, 1982, 1983, 1984, 1985, 1986, 1987, 1988, 1989]",0,164,149,18,7,22,12,181,FALSE,NA,1980,0.109756097560976,0.908536585365854,0.0426829268292683,0.134146341463415,0.0731707317073171,1.10365853658537,12,FALSE
"Peter Arundell","United Kingdom","Europe","[1963, 1964, 1966]",0,13,11,0,0,2,0,12,FALSE,NA,1960,0,0.846153846153846,0,0.153846153846154,0,0.923076923076923,3,FALSE
"Alberto Ascari","Italy","Europe","[1950, 1951, 1952, 1953, 1954, 1955]",2,33,32,14,13,17,12,107.64,FALSE,"[1952, 1953]",1950,0.424242424242424,0.96969696969697,0.393939393939394,0.515151515151515,0.363636363636364,3.26181818181818,6,TRUE
"Peter Ashdown","United Kingdom","Europe","[1959]",0,1,1,0,0,0,0,0,FALSE,NA,1960,0,1,0,0,0,0,1,FALSE
"Ian Ashley","United Kingdom","Europe","[1974, 1975, 1976, 1977]",0,11,4,0,0,0,0,0,FALSE,NA,1980,0,0.363636363636364,0,0,0,0,4,FALSE
"Gerry Ashmore","United Kingdom","Europe","[1961, 1962]",0,4,3,0,0,0,0,0,FALSE,NA,1960,0,0.75,0,0,0,0,2,FALSE
"Bill Aston","United Kingdom","Europe","[1952]",0,3,1,0,0,0,0,0,FALSE,NA,1950,0,0.333333333333333,0,0,0,0,1,FALSE
"Richard Attwood","United Kingdom","Europe","[1964, 1965, 1967, 1968, 1969]",0,17,16,0,0,1,1,11,FALSE,NA,1970,0,0.941176470588235,0,0.0588235294117647,0.0588235294117647,0.647058823529412,5,FALSE
"Manny Ayulo","United States","North America","[1951, 1952, 1953, 1954]",0,6,4,0,0,1,0,2,FALSE,NA,1950,0,0.666666666666667,0,0.166666666666667,0,0.333333333333333,4,FALSE
"Luca Badoer","Italy","Europe","[1993, 1995, 1996, 1999, 2009]",0,58,50,0,0,0,0,0,FALSE,NA,2000,0,0.862068965517241,0,0,0,0,5,FALSE
"Giancarlo Baghetti","Italy","Europe","[1961, 1962, 1963, 1964, 1965, 1966, 1967]",0,21,21,0,1,1,1,14,FALSE,NA,1960,0,1,0.0476190476190476,0.0476190476190476,0.0476190476190476,0.666666666666667,7,FALSE
"Julian Bailey","United Kingdom","Europe","[1988, 1991]",0,20,7,0,0,0,0,1,FALSE,NA,1990,0,0.35,0,0,0,0.05,2,FALSE
"Mauro Baldi","Italy","Europe","[1982, 1983, 1984, 1985]",0,41,36,0,0,0,0,5,FALSE,NA,1980,0,0.878048780487805,0,0,0,0.121951219512195,4,FALSE
"Bobby Ball","United States","North America","[1951, 1952]",0,2,2,0,0,0,0,2,FALSE,NA,1950,0,1,0,0,0,1,2,FALSE
"Marcel Balsa","France","Europe","[1952]",0,1,1,0,0,0,0,0,FALSE,NA,1950,0,1,0,0,0,0,1,FALSE
"Lorenzo Bandini","Italy","Europe","[1961, 1962, 1963, 1964, 1965, 1966, 1967]",0,42,42,1,1,8,2,58,FALSE,NA,1960,0.0238095238095238,1,0.0238095238095238,0.19047619047619,0.0476190476190476,1.38095238095238,7,FALSE
"Henry Banks","United States","North America","[1950, 1951, 1952]",0,5,3,0,0,0,0,0,FALSE,NA,1950,0,0.6,0,0,0,0,3,FALSE
"Fabrizio Barbazza","Italy","Europe","[1991, 1993]",0,20,8,0,0,0,0,2,FALSE,NA,1990,0,0.4,0,0,0,0.1,2,FALSE
"John Barber","United Kingdom","Europe","[1953]",0,1,1,0,0,0,0,0,FALSE,NA,1950,0,1,0,0,0,0,1,FALSE
"Skip Barber","United States","North America","[1971, 1972]",0,6,5,0,0,0,0,0,FALSE,NA,1970,0,0.833333333333333,0,0,0,0,2,FALSE
"Paolo Barilla","Italy","Europe","[1989, 1990]",0,15,9,0,0,0,0,0,FALSE,NA,1990,0,0.6,0,0,0,0,2,FALSE
"Rubens Barrichello","Brazil","South America","[1993, 1994, 1995, 1996, 1997, 1998, 1999, 2000, 2001, 2002, 2003, 2004, 2005, 2006, 2007, 2008, 2009, 2010, 2011]",0,326,322,14,11,68,17,658,FALSE,NA,2000,0.0429447852760736,0.987730061349693,0.0337423312883436,0.208588957055215,0.0521472392638037,2.01840490797546,19,FALSE
"Michael Bartels","Germany","Europe","[1991]",0,4,0,0,0,0,0,0,FALSE,NA,1990,0,0,0,0,0,0,1,FALSE
"Edgar Barth","East Germany, West Germany","Europe","[1953, 1957, 1958, 1960, 1961, 1964]",0,7,5,0,0,0,0,0,FALSE,NA,1960,0,0.714285714285714,0,0,0,0,6,FALSE
"Giorgio Bassi","Italy","Europe","[1965]",0,1,1,0,0,0,0,0,FALSE,NA,1960,0,1,0,0,0,0,1,FALSE
"Erwin Bauer","West Germany","Europe","[1953]",0,1,1,0,0,0,0,0,FALSE,NA,1950,0,1,0,0,0,0,1,FALSE
"Zsolt Baumgartner","Hungary","Europe","[2003, 2004]",0,20,20,0,0,0,0,1,FALSE,NA,2000,0,1,0,0,0,0.05,2,FALSE
"Élie Bayol","France","Europe","[1952, 1953, 1954, 1955, 1956]",0,8,7,0,0,0,0,2,FALSE,NA,1950,0,0.875,0,0,0,0.25,5,FALSE
"Don Beauman","United Kingdom","Europe","[1954]",0,1,1,0,0,0,0,0,FALSE,NA,1950,0,1,0,0,0,0,1,FALSE
"Karl-Günther Bechem[g]","West Germany","Europe","[1952, 1953]",0,2,2,0,0,0,0,0,FALSE,NA,1950,0,1,0,0,0,0,2,FALSE
"Jean Behra","France","Europe","[1952, 1953, 1954, 1955, 1956, 1957, 1958, 1959]",0,53,52,0,0,9,1,51.14,FALSE,NA,1960,0,0.981132075471698,0,0.169811320754717,0.0188679245283019,0.964905660377358,8,FALSE
"Derek Bell","United Kingdom","Europe","[1968, 1969, 1970, 1971, 1972, 1974]",0,16,9,0,0,0,0,1,FALSE,NA,1970,0,0.5625,0,0,0,0.0625,6,FALSE
"Stefan Bellof","West Germany","Europe","[1984, 1985]",0,22,20,0,0,0,0,4,FALSE,NA,1980,0,0.909090909090909,0,0,0,0.181818181818182,2,FALSE
"Paul Belmondo","France","Europe","[1992, 1994]",0,27,7,0,0,0,0,0,FALSE,NA,1990,0,0.259259259259259,0,0,0,0,2,FALSE
"Tom Belsø","Denmark","Europe","[1973, 1974]",0,5,2,0,0,0,0,0,FALSE,NA,1970,0,0.4,0,0,0,0,2,FALSE
"Jean-Pierre Beltoise","France","Europe","[1967, 1968, 1969, 1970, 1971, 1972, 1973, 1974]",0,88,86,0,1,8,4,77,FALSE,NA,1970,0,0.977272727272727,0.0113636363636364,0.0909090909090909,0.0454545454545454,0.875,8,FALSE
"Olivier Beretta","Monaco","Europe","[1994]",0,10,9,0,0,0,0,0,FALSE,NA,1990,0,0.9,0,0,0,0,1,FALSE
"Allen Berg","Canada","North America","[1986]",0,9,9,0,0,0,0,0,FALSE,NA,1990,0,1,0,0,0,0,1,FALSE
"Georges Berger","Belgium","Europe","[1953, 1954]",0,2,2,0,0,0,0,0,FALSE,NA,1950,0,1,0,0,0,0,2,FALSE
"Gerhard Berger","Austria","Europe","[1984, 1985, 1986, 1987, 1988, 1989, 1990, 1991, 1992, 1993, 1994, 1995, 1996, 1997]",0,210,210,12,10,48,21,385,FALSE,NA,1990,0.0571428571428571,1,0.0476190476190476,0.228571428571429,0.1,1.83333333333333,14,FALSE
"Éric Bernard","France","Europe","[1989, 1990, 1991, 1994]",0,47,45,0,0,1,0,10,FALSE,NA,1990,0,0.957446808510638,0,0.0212765957446809,0,0.212765957446809,4,FALSE
"Enrique Bernoldi","Brazil","South America","[2001, 2002]",0,29,28,0,0,0,0,0,FALSE,NA,2000,0,0.96551724137931,0,0,0,0,2,FALSE
"Enrico Bertaggia","Italy","Europe","[1989]",0,6,0,0,0,0,0,0,FALSE,NA,1990,0,0,0,0,0,0,1,FALSE
"Tony Bettenhausen","United States","North America","[1950, 1951, 1952, 1953, 1954, 1955, 1956, 1957, 1958, 1959, 1960]",0,11,11,0,0,1,1,11,FALSE,NA,1960,0,1,0,0.0909090909090909,0.0909090909090909,1,11,FALSE
"Mike Beuttler","United Kingdom","Europe","[1971, 1972, 1973]",0,29,28,0,0,0,0,0,FALSE,NA,1970,0,0.96551724137931,0,0,0,0,3,FALSE
"Birabongse Bhanudej","Thailand","Asia","[1950, 1951, 1952, 1953, 1954]",0,19,19,0,0,0,0,8,FALSE,NA,1950,0,1,0,0,0,0.421052631578947,5,FALSE
"Jules Bianchi","France","Europe","[2013, 2014]",0,34,34,0,0,0,0,2,FALSE,NA,2010,0,1,0,0,0,0.0588235294117647,2,FALSE
"Lucien Bianchi","Belgium","Europe","[1959, 1960, 1961, 1962, 1963, 1965, 1968]",0,19,17,0,0,1,0,6,FALSE,NA,1960,0,0.894736842105263,0,0.0526315789473684,0,0.315789473684211,7,FALSE
"Gino Bianco","Brazil","South America","[1952]",0,4,4,0,0,0,0,0,FALSE,NA,1950,0,1,0,0,0,0,1,FALSE
"Hans Binder","Austria","Europe","[1976, 1977, 1978]",0,15,13,0,0,0,0,0,FALSE,NA,1980,0,0.866666666666667,0,0,0,0,3,FALSE
"Clemente Biondetti","Italy","Europe","[1950]",0,1,1,0,0,0,0,0,FALSE,NA,1950,0,1,0,0,0,0,1,FALSE
"Pablo Birger","Argentina","South America","[1953, 1955]",0,2,2,0,0,0,0,0,FALSE,NA,1950,0,1,0,0,0,0,2,FALSE
"Art Bisch","United States","North America","[1958]",0,1,1,0,0,0,0,0,FALSE,NA,1960,0,1,0,0,0,0,1,FALSE
"Harry Blanchard","United States","North America","[1959]",0,1,1,0,0,0,0,0,FALSE,NA,1960,0,1,0,0,0,0,1,FALSE
"Michael Bleekemolen","Netherlands","Europe","[1977, 1978]",0,5,1,0,0,0,0,0,FALSE,NA,1980,0,0.2,0,0,0,0,2,FALSE
"Alex Blignaut","South Africa","Africa","[1965]",0,1,0,0,0,0,0,0,FALSE,NA,1960,0,0,0,0,0,0,1,FALSE
"Trevor Blokdyk","South Africa","Africa","[1963, 1965]",0,2,1,0,0,0,0,0,FALSE,NA,1960,0,0.5,0,0,0,0,2,FALSE
"Mark Blundell","United Kingdom","Europe","[1991, 1993, 1994, 1995]",0,63,61,0,0,3,0,32,FALSE,NA,1990,0,0.968253968253968,0,0.0476190476190476,0,0.507936507936508,4,FALSE
"Raul Boesel","Brazil","South America","[1982, 1983]",0,30,23,0,0,0,0,0,FALSE,NA,1980,0,0.766666666666667,0,0,0,0,2,FALSE
"Menato Boffa","Italy","Europe","[1961]",0,1,0,0,0,0,0,0,FALSE,NA,1960,0,0,0,0,0,0,1,FALSE
"Bob Bondurant","United States","North America","[1965, 1966]",0,9,9,0,0,0,0,3,FALSE,NA,1970,0,1,0,0,0,0.333333333333333,2,FALSE
"Felice Bonetto","Italy","Europe","[1950, 1951, 1952, 1953]",0,16,15,0,0,2,0,17.5,FALSE,NA,1950,0,0.9375,0,0.125,0,1.09375,4,FALSE
"Jo Bonnier","Sweden","Europe","[1956, 1957, 1958, 1959, 1960, 1961, 1962, 1963, 1964, 1965, 1966, 1967, 1968, 1969, 1970, 1971]",0,108,104,1,1,1,0,39,FALSE,NA,1960,0.00925925925925925,0.962962962962963,0.00925925925925925,0.00925925925925925,0,0.361111111111111,16,FALSE
"Roberto Bonomi","Argentina","South America","[1960]",0,1,1,0,0,0,0,0,FALSE,NA,1960,0,1,0,0,0,0,1,FALSE
"Juan Manuel Bordeu","Argentina","South America","[1961]",0,1,0,0,0,0,0,0,FALSE,NA,1960,0,0,0,0,0,0,1,FALSE
"Slim Borgudd","Sweden","Europe","[1981, 1982]",0,15,10,0,0,0,0,1,FALSE,NA,1980,0,0.666666666666667,0,0,0,0.0666666666666667,2,FALSE
"Luki Botha","South Africa","Africa","[1967]",0,1,1,0,0,0,0,0,FALSE,NA,1970,0,1,0,0,0,0,1,FALSE
"Valtteri Bottas","Finland","Europe","[2013, 2014, 2015, 2016, 2017, 2018, 2019, 2020, 2021, 2022]",0,202,201,20,10,67,19,1791,TRUE,NA,2020,0.099009900990099,0.995049504950495,0.0495049504950495,0.331683168316832,0.0940594059405941,8.86633663366337,10,FALSE
"Jean-Christophe Boullion","France","Europe","[1995]",0,11,11,0,0,0,0,3,FALSE,NA,2000,0,1,0,0,0,0.272727272727273,1,FALSE
"Sébastien Bourdais","France","Europe","[2008, 2009]",0,27,27,0,0,0,0,6,FALSE,NA,2010,0,1,0,0,0,0.222222222222222,2,FALSE
"Thierry Boutsen","Belgium","Europe","[1983, 1984, 1985, 1986, 1987, 1988, 1989, 1990, 1991, 1992, 1993]",0,164,163,1,3,15,1,132,FALSE,NA,1990,0.00609756097560975,0.99390243902439,0.0182926829268293,0.0914634146341463,0.00609756097560975,0.804878048780488,11,FALSE
"Johnny Boyd","United States","North America","[1955, 1956, 1957, 1958, 1959, 1960]",0,6,6,0,0,1,0,4,FALSE,NA,1960,0,1,0,0.166666666666667,0,0.666666666666667,6,FALSE
"David Brabham","Australia","Australia and Oceania","[1990, 1994]",0,30,24,0,0,0,0,0,FALSE,NA,1990,0,0.8,0,0,0,0,2,FALSE
"Gary Brabham","Australia","Australia and Oceania","[1990]",0,2,0,0,0,0,0,0,FALSE,NA,1990,0,0,0,0,0,0,1,FALSE
"Jack Brabham","Australia","Australia and Oceania","[1955, 1956, 1957, 1958, 1959, 1960, 1961, 1962, 1963, 1964, 1965, 1966, 1967, 1968, 1969, 1970]",3,128,126,13,14,31,12,253,FALSE,"[1959, 1960, 1966]",1960,0.1015625,0.984375,0.109375,0.2421875,0.09375,1.9765625,16,TRUE
"Bill Brack","Canada","North America","[1968, 1969, 1972]",0,3,3,0,0,0,0,0,FALSE,NA,1970,0,1,0,0,0,0,3,FALSE
"Ernesto Brambilla","Italy","Europe","[1963, 1969]",0,2,0,0,0,0,0,0,FALSE,NA,1970,0,0,0,0,0,0,2,FALSE
"Vittorio Brambilla","Italy","Europe","[1974, 1975, 1976, 1977, 1978, 1979, 1980]",0,79,74,1,1,1,1,15.5,FALSE,NA,1980,0.0126582278481013,0.936708860759494,0.0126582278481013,0.0126582278481013,0.0126582278481013,0.19620253164557,7,FALSE
"Toni Branca","Switzerland","Europe","[1950, 1951]",0,3,3,0,0,0,0,0,FALSE,NA,1950,0,1,0,0,0,0,2,FALSE
"Gianfranco Brancatelli","Italy","Europe","[1979]",0,3,0,0,0,0,0,0,FALSE,NA,1980,0,0,0,0,0,0,1,FALSE
"Eric Brandon","United Kingdom","Europe","[1952, 1954]",0,5,5,0,0,0,0,0,FALSE,NA,1950,0,1,0,0,0,0,2,FALSE
"Don Branson","United States","North America","[1959, 1960]",0,2,2,0,0,0,0,3,FALSE,NA,1960,0,1,0,0,0,1.5,2,FALSE
"Tom Bridger","United Kingdom","Europe","[1958]",0,1,1,0,0,0,0,0,FALSE,NA,1960,0,1,0,0,0,0,1,FALSE
"Tony Brise","United Kingdom","Europe","[1975]",0,10,10,0,0,0,0,1,FALSE,NA,1980,0,1,0,0,0,0.1,1,FALSE
"Chris Bristow","United Kingdom","Europe","[1959, 1960]",0,4,4,0,0,0,0,0,FALSE,NA,1960,0,1,0,0,0,0,2,FALSE
"Peter Broeker","Canada","North America","[1963]",0,1,1,0,0,0,0,0,FALSE,NA,1960,0,1,0,0,0,0,1,FALSE
"Tony Brooks","United Kingdom","Europe","[1956, 1957, 1958, 1959, 1960, 1961]",0,39,38,3,6,10,3,75,FALSE,NA,1960,0.0769230769230769,0.974358974358974,0.153846153846154,0.256410256410256,0.0769230769230769,1.92307692307692,6,FALSE
"Alan Brown","United Kingdom","Europe","[1952, 1953, 1954]",0,9,8,0,0,0,0,2,FALSE,NA,1950,0,0.888888888888889,0,0,0,0.222222222222222,3,FALSE
"Walt Brown","United States","North America","[1950, 1951]",0,2,2,0,0,0,0,0,FALSE,NA,1950,0,1,0,0,0,0,2,FALSE
"Warwick Brown","Australia","Australia and Oceania","[1976]",0,1,1,0,0,0,0,0,FALSE,NA,1980,0,1,0,0,0,0,1,FALSE
"Adolf Brudes","West Germany","Europe","[1952]",0,1,1,0,0,0,0,0,FALSE,NA,1950,0,1,0,0,0,0,1,FALSE
"Martin Brundle","United Kingdom","Europe","[1984, 1985, 1986, 1987, 1988, 1989, 1991, 1992, 1993, 1994, 1995, 1996]",0,165,158,0,0,9,0,98,FALSE,NA,1990,0,0.957575757575758,0,0.0545454545454545,0,0.593939393939394,12,FALSE
"Gianmaria Bruni","Italy","Europe","[2004]",0,18,18,0,0,0,0,0,FALSE,NA,2000,0,1,0,0,0,0,1,FALSE
"Jimmy Bryan","United States","North America","[1952, 1953, 1954, 1955, 1956, 1957, 1958, 1959, 1960]",0,10,9,0,1,3,0,18,FALSE,NA,1960,0,0.9,0.1,0.3,0,1.8,9,FALSE
"Clemar Bucci","Argentina","South America","[1954, 1955]",0,5,5,0,0,0,0,0,FALSE,NA,1950,0,1,0,0,0,0,2,FALSE
"Ronnie Bucknum","United States","North America","[1964, 1965, 1966]",0,11,11,0,0,0,0,2,FALSE,NA,1960,0,1,0,0,0,0.181818181818182,3,FALSE
"Ivor Bueb","United Kingdom","Europe","[1957, 1958, 1959]",0,6,5,0,0,0,0,0,FALSE,NA,1960,0,0.833333333333333,0,0,0,0,3,FALSE
"Sébastien Buemi","Switzerland","Europe","[2009, 2010, 2011]",0,55,55,0,0,0,0,29,FALSE,NA,2010,0,1,0,0,0,0.527272727272727,3,FALSE
"Luiz Bueno","Brazil","South America","[1973]",0,1,1,0,0,0,0,0,FALSE,NA,1970,0,1,0,0,0,0,1,FALSE
"Ian Burgess","United Kingdom","Europe","[1958, 1959, 1960, 1961, 1962, 1963]",0,20,16,0,0,0,0,0,FALSE,NA,1960,0,0.8,0,0,0,0,6,FALSE
"Luciano Burti","Brazil","South America","[2000, 2001]",0,15,14,0,0,0,0,0,FALSE,NA,2000,0,0.933333333333333,0,0,0,0,2,FALSE
"Roberto Bussinello","Italy","Europe","[1961, 1965]",0,3,2,0,0,0,0,0,FALSE,NA,1960,0,0.666666666666667,0,0,0,0,2,FALSE
"Jenson Button","United Kingdom","Europe","[2000, 2001, 2002, 2003, 2004, 2005, 2006, 2007, 2008, 2009, 2010, 2011, 2012, 2013, 2014, 2015, 2016, 2017]",1,309,306,8,15,50,8,1235,FALSE,"[2009]",2010,0.0258899676375405,0.990291262135922,0.0485436893203883,0.161812297734628,0.0258899676375405,3.99676375404531,18,TRUE
"Tommy Byrne","Ireland","Europe","[1982]",0,5,2,0,0,0,0,0,FALSE,NA,1980,0,0.4,0,0,0,0,1,FALSE
"Giulio Cabianca","Italy","Europe","[1958, 1959, 1960]",0,4,3,0,0,0,0,3,FALSE,NA,1960,0,0.75,0,0,0,0.75,3,FALSE
"Phil Cade","United States","North America","[1959]",0,1,0,0,0,0,0,0,FALSE,NA,1960,0,0,0,0,0,0,1,FALSE
"Alex Caffi","Italy","Europe","[1986, 1987, 1988, 1989, 1990, 1991]",0,75,56,0,0,0,0,6,FALSE,NA,1990,0,0.746666666666667,0,0,0,0.08,6,FALSE
"John Campbell-Jones","United Kingdom","Europe","[1962, 1963]",0,2,2,0,0,0,0,0,FALSE,NA,1960,0,1,0,0,0,0,2,FALSE
"Adrián Campos","Spain","Europe","[1987, 1988]",0,21,17,0,0,0,0,0,FALSE,NA,1990,0,0.80952380952381,0,0,0,0,2,FALSE
"John Cannon","Canada","North America","[1971]",0,1,1,0,0,0,0,0,FALSE,NA,1970,0,1,0,0,0,0,1,FALSE
"Eitel Cantoni","Uruguay","Africa","[1952]",0,3,3,0,0,0,0,0,FALSE,NA,1950,0,1,0,0,0,0,1,FALSE
"Bill Cantrell","United States","North America","[1950]",0,2,1,0,0,0,0,0,FALSE,NA,1950,0,0.5,0,0,0,0,1,FALSE
"Ivan Capelli","Italy","Europe","[1985, 1986, 1987, 1988, 1989, 1990, 1991, 1992, 1993]",0,98,93,0,0,3,0,31,FALSE,NA,1990,0,0.948979591836735,0,0.0306122448979592,0,0.316326530612245,9,FALSE
"Piero Carini","Italy","Europe","[1952, 1953]",0,3,3,0,0,0,0,0,FALSE,NA,1950,0,1,0,0,0,0,2,FALSE
"Duane Carter","United States","North America","[1950, 1951, 1952, 1953, 1954, 1955, 1959, 1960]",0,8,8,0,0,1,0,6.5,FALSE,NA,1950,0,1,0,0.125,0,0.8125,8,FALSE
"Eugenio Castellotti","Italy","Europe","[1955, 1956, 1957]",0,14,14,1,0,3,0,19.5,FALSE,NA,1960,0.0714285714285714,1,0,0.214285714285714,0,1.39285714285714,3,FALSE
"Johnny Cecotto","Venezuela","South America","[1983, 1984]",0,23,18,0,0,0,0,1,FALSE,NA,1980,0,0.782608695652174,0,0,0,0.0434782608695652,2,FALSE
"Andrea de Cesaris","Italy","Europe","[1980, 1981, 1982, 1983, 1984, 1985, 1986, 1987, 1988, 1989, 1990, 1991, 1992, 1993, 1994]",0,214,208,1,0,5,1,59,FALSE,NA,1990,0.00467289719626168,0.97196261682243,0,0.0233644859813084,0.00467289719626168,0.275700934579439,15,FALSE
"François Cevert","France","Europe","[1970, 1971, 1972, 1973]",0,47,46,0,1,13,2,89,FALSE,NA,1970,0,0.978723404255319,0.0212765957446809,0.276595744680851,0.0425531914893617,1.8936170212766,4,FALSE
"Eugène Chaboud","France","Europe","[1950, 1951]",0,3,3,0,0,0,0,1,FALSE,NA,1950,0,1,0,0,0,0.333333333333333,2,FALSE
"Jay Chamberlain","United States","North America","[1962]",0,3,1,0,0,0,0,0,FALSE,NA,1960,0,0.333333333333333,0,0,0,0,1,FALSE
"Karun Chandhok","India","Asia","[2010, 2011]",0,11,11,0,0,0,0,0,FALSE,NA,2010,0,1,0,0,0,0,2,FALSE
"Alain de Changy","Belgium","Europe","[1959]",0,1,0,0,0,0,0,0,FALSE,NA,1960,0,0,0,0,0,0,1,FALSE
"Colin Chapman","United Kingdom","Europe","[1956]",0,1,0,0,0,0,0,0,FALSE,NA,1960,0,0,0,0,0,0,1,FALSE
"Dave Charlton","South Africa","Africa","[1965, 1967, 1968, 1970, 1971, 1972, 1973, 1974, 1975]",0,14,11,0,0,0,0,0,FALSE,NA,1970,0,0.785714285714286,0,0,0,0,9,FALSE
"Pedro Chaves","Portugal","Europe","[1991]",0,13,0,0,0,0,0,0,FALSE,NA,1990,0,0,0,0,0,0,1,FALSE
"Bill Cheesbourg","United States","North America","[1957, 1958, 1959]",0,4,3,0,0,0,0,0,FALSE,NA,1960,0,0.75,0,0,0,0,3,FALSE
"Eddie Cheever","United States","North America","[1978, 1980, 1981, 1982, 1983, 1984, 1985, 1986, 1987, 1988, 1989]",0,143,132,0,0,9,0,70,FALSE,NA,1980,0,0.923076923076923,0,0.0629370629370629,0,0.48951048951049,11,FALSE
"Andrea Chiesa","Switzerland","Europe","[1992]",0,10,3,0,0,0,0,0,FALSE,NA,1990,0,0.3,0,0,0,0,1,FALSE
"Max Chilton","United Kingdom","Europe","[2013, 2014]",0,35,35,0,0,0,0,0,FALSE,NA,2010,0,1,0,0,0,0,2,FALSE
"Ettore Chimeri","Venezuela","South America","[1960]",0,1,1,0,0,0,0,0,FALSE,NA,1960,0,1,0,0,0,0,1,FALSE
"Louis Chiron","Monaco","Europe","[1950, 1951, 1953, 1955, 1956, 1958]",0,19,15,0,0,1,0,4,FALSE,NA,1950,0,0.789473684210526,0,0.0526315789473684,0,0.210526315789474,6,FALSE
"Joie Chitwood","United States","North America","[1950]",0,1,1,0,0,0,0,1,FALSE,NA,1950,0,1,0,0,0,1,1,FALSE
"Bob Christie","United States","North America","[1956, 1957, 1958, 1959, 1960]",0,7,5,0,0,0,0,0,FALSE,NA,1960,0,0.714285714285714,0,0,0,0,5,FALSE
"Johnny Claes","Belgium","Europe","[1950, 1951, 1952, 1953, 1955]",0,25,23,0,0,0,0,0,FALSE,NA,1950,0,0.92,0,0,0,0,5,FALSE
"David Clapham","South Africa","Africa","[1965]",0,1,0,0,0,0,0,0,FALSE,NA,1960,0,0,0,0,0,0,1,FALSE
"Jim Clark","United Kingdom","Europe","[1960, 1961, 1962, 1963, 1964, 1965, 1966, 1967, 1968]",2,73,72,33,25,32,28,255,FALSE,"[1963, 1965]",1960,0.452054794520548,0.986301369863014,0.342465753424658,0.438356164383562,0.383561643835616,3.49315068493151,9,TRUE
"Kevin Cogan","United States","North America","[1980, 1981]",0,2,0,0,0,0,0,0,FALSE,NA,1980,0,0,0,0,0,0,2,FALSE
"Peter Collins","United Kingdom","Europe","[1952, 1953, 1954, 1955, 1956, 1957, 1958]",0,35,32,0,3,9,0,47,FALSE,NA,1960,0,0.914285714285714,0.0857142857142857,0.257142857142857,0,1.34285714285714,7,FALSE
"Bernard Collomb","France","Europe","[1961, 1962, 1963, 1964]",0,6,4,0,0,0,0,0,FALSE,NA,1960,0,0.666666666666667,0,0,0,0,4,FALSE
"Alberto Colombo","Italy","Europe","[1978]",0,3,0,0,0,0,0,0,FALSE,NA,1980,0,0,0,0,0,0,1,FALSE
"Érik Comas","France","Europe","[1991, 1992, 1993, 1994]",0,63,59,0,0,0,0,7,FALSE,NA,1990,0,0.936507936507936,0,0,0,0.111111111111111,4,FALSE
"Franco Comotti","Italy","Europe","[1950, 1952]",0,2,2,0,0,0,0,0,FALSE,NA,1950,0,1,0,0,0,0,2,FALSE
"George Connor","United States","North America","[1950, 1951, 1952]",0,4,3,0,0,0,0,0,FALSE,NA,1950,0,0.75,0,0,0,0,3,FALSE
"George Constantine","United States","North America","[1959]",0,1,1,0,0,0,0,0,FALSE,NA,1960,0,1,0,0,0,0,1,FALSE
"John Cordts","Canada","North America","[1969]",0,1,1,0,0,0,0,0,FALSE,NA,1970,0,1,0,0,0,0,1,FALSE
"David Coulthard","United Kingdom","Europe","[1994, 1995, 1996, 1997, 1998, 1999, 2000, 2001, 2002, 2003, 2004, 2005, 2006, 2007, 2008]",0,247,246,12,13,62,18,535,FALSE,NA,2000,0.048582995951417,0.995951417004048,0.0526315789473684,0.251012145748988,0.0728744939271255,2.16599190283401,15,FALSE
"Piers Courage","United Kingdom","Europe","[1967, 1968, 1969, 1970]",0,29,27,0,0,2,0,20,FALSE,NA,1970,0,0.931034482758621,0,0.0689655172413793,0,0.689655172413793,4,FALSE
"Chris Craft","United Kingdom","Europe","[1971]",0,2,1,0,0,0,0,0,FALSE,NA,1970,0,0.5,0,0,0,0,1,FALSE
"Jim Crawford","United Kingdom","Europe","[1975]",0,2,2,0,0,0,0,0,FALSE,NA,1980,0,1,0,0,0,0,1,FALSE
"Ray Crawford","United States","North America","[1955, 1956, 1959]",0,5,3,0,0,0,0,0,FALSE,NA,1960,0,0.6,0,0,0,0,3,FALSE
"Alberto Crespo","Argentina","South America","[1952]",0,1,0,0,0,0,0,0,FALSE,NA,1950,0,0,0,0,0,0,1,FALSE
"Antonio Creus","Spain","Europe","[1960]",0,1,1,0,0,0,0,0,FALSE,NA,1960,0,1,0,0,0,0,1,FALSE
"Larry Crockett","United States","North America","[1954]",0,1,1,0,0,0,0,0,FALSE,NA,1950,0,1,0,0,0,0,1,FALSE
"Tony Crook","United Kingdom","Europe","[1952, 1953]",0,2,2,0,0,0,0,0,FALSE,NA,1950,0,1,0,0,0,0,2,FALSE
"Art Cross","United States","North America","[1952, 1953, 1954, 1955]",0,4,4,0,0,1,0,8,FALSE,NA,1950,0,1,0,0.25,0,2,4,FALSE
"Geoffrey Crossley","United Kingdom","Europe","[1950]",0,2,2,0,0,0,0,0,FALSE,NA,1950,0,1,0,0,0,0,1,FALSE
"Jérôme d'Ambrosio","Belgium","Europe","[2011, 2012]",0,20,20,0,0,0,0,0,FALSE,NA,2010,0,1,0,0,0,0,2,FALSE
"Chuck Daigh","United States","North America","[1960]",0,6,3,0,0,0,0,0,FALSE,NA,1960,0,0.5,0,0,0,0,1,FALSE
"Yannick Dalmas","France","Europe","[1987, 1988, 1989, 1990, 1994]",0,49,24,0,0,0,0,0,FALSE,NA,1990,0,0.489795918367347,0,0,0,0,5,FALSE
"Derek Daly","Ireland","Europe","[1978, 1979, 1980, 1981, 1982]",0,64,49,0,0,0,0,15,FALSE,NA,1980,0,0.765625,0,0,0,0.234375,5,FALSE
"Christian Danner","West Germany","Europe","[1985, 1986, 1987, 1989]",0,47,36,0,0,0,0,4,FALSE,NA,1990,0,0.765957446808511,0,0,0,0.0851063829787234,4,FALSE
"Jorge Daponte","Argentina","South America","[1954]",0,2,2,0,0,0,0,0,FALSE,NA,1950,0,1,0,0,0,0,1,FALSE
"Anthony Davidson","United Kingdom","Europe","[2002, 2005, 2007, 2008]",0,24,24,0,0,0,0,0,FALSE,NA,2010,0,1,0,0,0,0,4,FALSE
"Jimmy Davies","United States","North America","[1950, 1951, 1953, 1954, 1955]",0,8,5,0,0,1,0,4,FALSE,NA,1950,0,0.625,0,0.125,0,0.5,5,FALSE
"Colin Davis","United Kingdom","Europe","[1959]",0,2,2,0,0,0,0,0,FALSE,NA,1960,0,1,0,0,0,0,1,FALSE
"Jimmy Daywalt","United States","North America","[1953, 1954, 1955, 1956, 1957, 1959]",0,10,6,0,0,0,0,0,FALSE,NA,1960,0,0.6,0,0,0,0,6,FALSE
"Jean-Denis Délétraz","Switzerland","Europe","[1994, 1995]",0,3,3,0,0,0,0,0,FALSE,NA,1990,0,1,0,0,0,0,2,FALSE
"Patrick Depailler","France","Europe","[1972, 1974, 1975, 1976, 1977, 1978, 1979, 1980]",0,95,95,1,2,19,4,139,FALSE,NA,1980,0.0105263157894737,1,0.0210526315789474,0.2,0.0421052631578947,1.46315789473684,8,FALSE
"Pedro Diniz","Brazil","South America","[1995, 1996, 1997, 1998, 1999, 2000]",0,99,98,0,0,0,0,10,FALSE,NA,2000,0,0.98989898989899,0,0,0,0.101010101010101,6,FALSE
"Duke Dinsmore","United States","North America","[1950, 1951, 1953, 1956]",0,6,4,0,0,0,0,0,FALSE,NA,1950,0,0.666666666666667,0,0,0,0,4,FALSE
"Frank Dochnal","United States","North America","[1963]",0,1,0,0,0,0,0,0,FALSE,NA,1960,0,0,0,0,0,0,1,FALSE
"José Dolhem","France","Europe","[1974]",0,3,1,0,0,0,0,0,FALSE,NA,1970,0,0.333333333333333,0,0,0,0,1,FALSE
"Martin Donnelly","United Kingdom","Europe","[1989, 1990]",0,15,13,0,0,0,0,0,FALSE,NA,1990,0,0.866666666666667,0,0,0,0,2,FALSE
"Mark Donohue","United States","North America","[1971, 1974, 1975]",0,16,14,0,0,1,0,8,FALSE,NA,1970,0,0.875,0,0.0625,0,0.5,3,FALSE
"Robert Doornbos","Monaco Netherlands","Europe","[2005, 2006]",0,11,11,0,0,0,0,0,FALSE,NA,2010,0,1,0,0,0,0,2,FALSE
"Ken Downing","United Kingdom","Europe","[1952]",0,2,2,0,0,0,0,0,FALSE,NA,1950,0,1,0,0,0,0,1,FALSE
"Bob Drake","United States","North America","[1960]",0,1,1,0,0,0,0,0,FALSE,NA,1960,0,1,0,0,0,0,1,FALSE
"Paddy Driver","South Africa","Africa","[1963, 1974]",0,2,1,0,0,0,0,0,FALSE,NA,1970,0,0.5,0,0,0,0,2,FALSE
"Piero Drogo","Italy","Europe","[1960]",0,1,1,0,0,0,0,0,FALSE,NA,1960,0,1,0,0,0,0,1,FALSE
"Bernard de Dryver","Belgium","Europe","[1977, 1978]",0,2,0,0,0,0,0,0,FALSE,NA,1980,0,0,0,0,0,0,2,FALSE
"Johnny Dumfries","United Kingdom","Europe","[1986]",0,16,15,0,0,0,0,3,FALSE,NA,1990,0,0.9375,0,0,0,0.1875,1,FALSE
"Geoff Duke","United Kingdom","Europe","[1961]",0,1,0,0,0,0,0,0,FALSE,NA,1960,0,0,0,0,0,0,1,FALSE
"Len Duncan","United States","North America","[1954]",0,4,1,0,0,0,0,0,FALSE,NA,1950,0,0.25,0,0,0,0,1,FALSE
"Piero Dusio","Italy","Europe","[1952]",0,1,0,0,0,0,0,0,FALSE,NA,1950,0,0,0,0,0,0,1,FALSE
"George Eaton","Canada","North America","[1969, 1970, 1971]",0,13,11,0,0,0,0,0,FALSE,NA,1970,0,0.846153846153846,0,0,0,0,3,FALSE
"Bernie Ecclestone","United Kingdom","Europe","[1958]",0,2,0,0,0,0,0,0,FALSE,NA,1960,0,0,0,0,0,0,1,FALSE
"Don Edmunds","United States","North America","[1957]",0,2,1,0,0,0,0,0,FALSE,NA,1960,0,0.5,0,0,0,0,1,FALSE
"Guy Edwards","United Kingdom","Europe","[1974, 1976, 1977]",0,17,11,0,0,0,0,0,FALSE,NA,1980,0,0.647058823529412,0,0,0,0,3,FALSE
"Vic Elford","United Kingdom","Europe","[1968, 1969, 1971]",0,13,13,0,0,0,0,8,FALSE,NA,1970,0,1,0,0,0,0.615384615384615,3,FALSE
"Ed Elisian","United States","North America","[1954, 1955, 1956, 1957, 1958]",0,5,5,0,0,0,0,0,FALSE,NA,1960,0,1,0,0,0,0,5,FALSE
"Paul Emery","United Kingdom","Europe","[1956, 1958]",0,2,1,0,0,0,0,0,FALSE,NA,1960,0,0.5,0,0,0,0,2,FALSE
"Tomáš Enge","Czech Republic","Europe","[2001]",0,3,3,0,0,0,0,0,FALSE,NA,2000,0,1,0,0,0,0,1,FALSE
"Paul England","Australia","Australia and Oceania","[1957]",0,1,1,0,0,0,0,0,FALSE,NA,1960,0,1,0,0,0,0,1,FALSE
"Marcus Ericsson","Sweden","Europe","[2014, 2015, 2016, 2017, 2018]",0,97,97,0,0,0,0,18,FALSE,NA,2020,0,1,0,0,0,0.185567010309278,5,FALSE
"Harald Ertl","Austria","Europe","[1975, 1976, 1977, 1978, 1980]",0,28,19,0,0,0,0,0,FALSE,NA,1980,0,0.678571428571429,0,0,0,0,5,FALSE
"Nasif Estéfano","Argentina","South America","[1960, 1962]",0,2,1,0,0,0,0,0,FALSE,NA,1960,0,0.5,0,0,0,0,2,FALSE
"Philippe Étancelin","France","Europe","[1950, 1951, 1952]",0,12,12,0,0,0,0,3,FALSE,NA,1950,0,1,0,0,0,0.25,3,FALSE
"Bob Evans","United Kingdom","Europe","[1975, 1976]",0,12,10,0,0,0,0,0,FALSE,NA,1980,0,0.833333333333333,0,0,0,0,2,FALSE
"Corrado Fabi","Italy","Europe","[1983, 1984]",0,18,12,0,0,0,0,0,FALSE,NA,1980,0,0.666666666666667,0,0,0,0,2,FALSE
"Teo Fabi","Italy","Europe","[1982, 1984, 1985, 1986, 1987]",0,71,64,3,0,2,2,23,FALSE,NA,1980,0.0422535211267606,0.901408450704225,0,0.028169014084507,0.028169014084507,0.323943661971831,5,FALSE
"Pascal Fabre","France","Europe","[1987]",0,14,11,0,0,0,0,0,FALSE,NA,1990,0,0.785714285714286,0,0,0,0,1,FALSE
"Carlo Facetti","Italy","Europe","[1974]",0,1,0,0,0,0,0,0,FALSE,NA,1970,0,0,0,0,0,0,1,FALSE
"Luigi Fagioli","Italy","Europe","[1950, 1951]",0,7,7,0,1,6,0,28,FALSE,NA,1950,0,1,0.142857142857143,0.857142857142857,0,4,2,FALSE
"Jack Fairman","United Kingdom","Europe","[1953, 1955, 1956, 1957, 1958, 1959, 1960, 1961]",0,13,12,0,0,0,0,5,FALSE,NA,1960,0,0.923076923076923,0,0,0,0.384615384615385,8,FALSE
"Juan Manuel Fangio","Argentina","South America","[1950, 1951, 1953, 1954, 1955, 1956, 1957, 1958]",5,52,51,29,24,35,23,245,FALSE,"[1951, 1954, 1955, 1956, 1957]",1950,0.557692307692308,0.980769230769231,0.461538461538462,0.673076923076923,0.442307692307692,4.71153846153846,8,TRUE
"Nino Farina","Italy","Europe","[1950, 1951, 1952, 1953, 1954, 1955]",1,34,33,5,5,20,5,115.33,FALSE,"[1950]",1950,0.147058823529412,0.970588235294118,0.147058823529412,0.588235294117647,0.147058823529412,3.39205882352941,6,TRUE
"Walt Faulkner","United States","North America","[1950, 1951, 1953, 1954, 1955]",0,6,5,1,0,0,0,1,FALSE,NA,1950,0.166666666666667,0.833333333333333,0,0,0,0.166666666666667,5,FALSE
"William Ferguson","South Africa","Africa","[1972]",0,1,0,0,0,0,0,0,FALSE,NA,1970,0,0,0,0,0,0,1,FALSE
"Maria Teresa de Filippis","Italy","Europe","[1958, 1959]",0,5,3,0,0,0,0,0,FALSE,NA,1960,0,0.6,0,0,0,0,2,FALSE
"Ralph Firman","Ireland","Europe","[2003]",0,15,14,0,0,0,0,1,FALSE,NA,2000,0,0.933333333333333,0,0,0,0.0666666666666667,1,FALSE
"Ludwig Fischer","West Germany","Europe","[1952]",0,1,0,0,0,0,0,0,FALSE,NA,1950,0,0,0,0,0,0,1,FALSE
"Rudi Fischer","Switzerland","Europe","[1951, 1952]",0,8,7,0,0,2,0,10,FALSE,NA,1950,0,0.875,0,0.25,0,1.25,2,FALSE
"Mike Fisher","United States","North America","[1967]",0,2,1,0,0,0,0,0,FALSE,NA,1970,0,0.5,0,0,0,0,1,FALSE
"Giancarlo Fisichella","Italy","Europe","[1996, 1997, 1998, 1999, 2000, 2001, 2002, 2003, 2004, 2005, 2006, 2007, 2008, 2009]",0,231,229,4,3,19,2,275,FALSE,NA,2000,0.0173160173160173,0.991341991341991,0.012987012987013,0.0822510822510823,0.00865800865800865,1.19047619047619,14,FALSE
"John Fitch","United States","North America","[1953, 1955]",0,2,2,0,0,0,0,0,FALSE,NA,1950,0,1,0,0,0,0,2,FALSE
"Christian Fittipaldi","Brazil","South America","[1992, 1993, 1994]",0,43,40,0,0,0,0,12,FALSE,NA,1990,0,0.930232558139535,0,0,0,0.27906976744186,3,FALSE
"Emerson Fittipaldi","Brazil","South America","[1970, 1971, 1972, 1973, 1974, 1975, 1976, 1977, 1978, 1979, 1980]",2,149,144,6,14,35,6,281,FALSE,"[1972, 1974]",1980,0.0402684563758389,0.966442953020134,0.0939597315436242,0.23489932885906,0.0402684563758389,1.88590604026846,11,TRUE
"Pietro Fittipaldi","Brazil","South America","[2020]",0,2,2,0,0,0,0,0,FALSE,NA,2020,0,1,0,0,0,0,1,FALSE
"Wilson Fittipaldi","Brazil","South America","[1972, 1973, 1975]",0,38,35,0,0,0,0,3,FALSE,NA,1970,0,0.921052631578947,0,0,0,0.0789473684210526,3,FALSE
"Theo Fitzau","East Germany","Europe","[1953]",0,1,1,0,0,0,0,0,FALSE,NA,1950,0,1,0,0,0,0,1,FALSE
"Pat Flaherty","United States","North America","[1950, 1953, 1954, 1955, 1956, 1959]",0,6,6,1,1,1,0,8,FALSE,NA,1950,0.166666666666667,1,0.166666666666667,0.166666666666667,0,1.33333333333333,6,FALSE
"Jan Flinterman","Netherlands","Europe","[1952]",0,1,1,0,0,0,0,0,FALSE,NA,1950,0,1,0,0,0,0,1,FALSE
"Ron Flockhart","United Kingdom","Europe","[1954, 1956, 1957, 1958, 1959, 1960]",0,14,14,0,0,1,0,5,FALSE,NA,1960,0,1,0,0.0714285714285714,0,0.357142857142857,6,FALSE
"Myron Fohr","United States","North America","[1950]",0,1,1,0,0,0,0,0,FALSE,NA,1950,0,1,0,0,0,0,1,FALSE
"Gregor Foitek","Switzerland","Europe","[1989, 1990]",0,22,7,0,0,0,0,0,FALSE,NA,1990,0,0.318181818181818,0,0,0,0,2,FALSE
"George Follmer","United States","North America","[1973]",0,13,12,0,0,1,0,5,FALSE,NA,1970,0,0.923076923076923,0,0.0769230769230769,0,0.384615384615385,1,FALSE
"George Fonder","United States","North America","[1952, 1954]",0,5,2,0,0,0,0,0,FALSE,NA,1950,0,0.4,0,0,0,0,2,FALSE
"Norberto Fontana","Argentina","South America","[1997]",0,4,4,0,0,0,0,0,FALSE,NA,2000,0,1,0,0,0,0,1,FALSE
"Asdrúbal Fontes Bayardo","Uruguay","Africa","[1959]",0,1,0,0,0,0,0,0,FALSE,NA,1960,0,0,0,0,0,0,1,FALSE
"Carl Forberg","United States","North America","[1951]",0,3,1,0,0,0,0,0,FALSE,NA,1950,0,0.333333333333333,0,0,0,0,1,FALSE
"Gene Force","United States","North America","[1951, 1960]",0,5,2,0,0,0,0,0,FALSE,NA,1960,0,0.4,0,0,0,0,2,FALSE
"Franco Forini","Switzerland","Europe","[1987]",0,3,2,0,0,0,0,0,FALSE,NA,1990,0,0.666666666666667,0,0,0,0,1,FALSE
"Philip Fotheringham-Parker","United Kingdom","Europe","[1951]",0,1,1,0,0,0,0,0,FALSE,NA,1950,0,1,0,0,0,0,1,FALSE
"A. J. Foyt","United States","North America","[1958, 1959, 1960]",0,3,3,0,0,0,0,0,FALSE,NA,1960,0,1,0,0,0,0,3,FALSE
"Giorgio Francia","Italy","Europe","[1977, 1981]",0,2,0,0,0,0,0,0,FALSE,NA,1980,0,0,0,0,0,0,2,FALSE
"Don Freeland","United States","North America","[1953, 1954, 1955, 1956, 1957, 1958, 1959, 1960]",0,8,8,0,0,1,0,4,FALSE,NA,1960,0,1,0,0.125,0,0.5,8,FALSE
"Heinz-Harald Frentzen","Germany","Europe","[1994, 1995, 1996, 1997, 1998, 1999, 2000, 2001, 2002, 2003]",0,160,156,2,3,18,6,174,FALSE,NA,2000,0.0125,0.975,0.01875,0.1125,0.0375,1.0875,10,FALSE
"Paul Frère","Belgium","Europe","[1952, 1953, 1954, 1955, 1956]",0,11,11,0,0,1,0,11,FALSE,NA,1950,0,1,0,0.0909090909090909,0,1,5,FALSE
"Patrick Friesacher","Austria","Europe","[2005]",0,11,11,0,0,0,0,3,FALSE,NA,2000,0,1,0,0,0,0.272727272727273,1,FALSE
"Joe Fry","United Kingdom","Europe","[1950]",0,1,1,0,0,0,0,0,FALSE,NA,1950,0,1,0,0,0,0,1,FALSE
"Hiroshi Fushida","Japan","Asia","[1975]",0,2,0,0,0,0,0,0,FALSE,NA,1980,0,0,0,0,0,0,1,FALSE
"Beppe Gabbiani","Italy","Europe","[1978, 1981]",0,17,3,0,0,0,0,0,FALSE,NA,1980,0,0.176470588235294,0,0,0,0,2,FALSE
"Bertrand Gachot","Belgium France","Europe","[1989, 1990, 1991, 1992, 1994, 1995]",0,84,47,0,0,0,1,5,FALSE,NA,1990,0,0.55952380952381,0,0,0.0119047619047619,0.0595238095238095,6,FALSE
"Patrick Gaillard","France","Europe","[1979]",0,5,2,0,0,0,0,0,FALSE,NA,1980,0,0.4,0,0,0,0,1,FALSE
"Divina Galica","United Kingdom","Europe","[1976, 1978]",0,3,0,0,0,0,0,0,FALSE,NA,1980,0,0,0,0,0,0,2,FALSE
"Nanni Galli","Italy","Europe","[1970, 1971, 1972, 1973]",0,20,17,0,0,0,0,0,FALSE,NA,1970,0,0.85,0,0,0,0,4,FALSE
"Oscar Alfredo Gálvez","Argentina","South America","[1953]",0,1,1,0,0,0,0,2,FALSE,NA,1950,0,1,0,0,0,2,1,FALSE
"Fred Gamble","United States","North America","[1960]",0,1,1,0,0,0,0,0,FALSE,NA,1960,0,1,0,0,0,0,1,FALSE
"Howden Ganley","New Zealand","Australia and Oceania","[1971, 1972, 1973, 1974]",0,41,35,0,0,0,0,10,FALSE,NA,1970,0,0.853658536585366,0,0,0,0.24390243902439,4,FALSE
"Giedo van der Garde","Netherlands","Europe","[2013]",0,19,19,0,0,0,0,0,FALSE,NA,2010,0,1,0,0,0,0,1,FALSE
"Frank Gardner","Australia","Australia and Oceania","[1964, 1965, 1968]",0,9,8,0,0,0,0,0,FALSE,NA,1970,0,0.888888888888889,0,0,0,0,3,FALSE
"Billy Garrett","United States","North America","[1956, 1958]",0,3,2,0,0,0,0,0,FALSE,NA,1960,0,0.666666666666667,0,0,0,0,2,FALSE
"Jo Gartner","Austria","Europe","[1984]",0,8,8,0,0,0,0,0,FALSE,NA,1980,0,1,0,0,0,0,1,FALSE
"Pierre Gasly","France","Europe","[2017, 2018, 2019, 2020, 2021, 2022]",0,109,109,0,1,3,3,334,TRUE,NA,2020,0,1,0.0091743119266055,0.0275229357798165,0.0275229357798165,3.06422018348624,6,FALSE
"Tony Gaze","Australia","Australia and Oceania","[1952]",0,4,3,0,0,0,0,0,FALSE,NA,1950,0,0.75,0,0,0,0,1,FALSE
"Geki","Italy","Europe","[1964, 1965, 1966]",0,3,2,0,0,0,0,0,FALSE,NA,1960,0,0.666666666666667,0,0,0,0,3,FALSE
"Olivier Gendebien","Belgium","Europe","[1956, 1958, 1959, 1960, 1961]",0,15,14,0,0,2,0,18,FALSE,NA,1960,0,0.933333333333333,0,0.133333333333333,0,1.2,5,FALSE
"Marc Gené","Spain","Europe","[1999, 2000, 2003, 2004]",0,36,36,0,0,0,0,5,FALSE,NA,2000,0,1,0,0,0,0.138888888888889,4,FALSE
"Elmer George","United States","North America","[1957]",0,3,1,0,0,0,0,0,FALSE,NA,1960,0,0.333333333333333,0,0,0,0,1,FALSE
"Bob Gerard","United Kingdom","Europe","[1950, 1951, 1953, 1954, 1956, 1957]",0,8,8,0,0,0,0,0,FALSE,NA,1950,0,1,0,0,0,0,6,FALSE
"Gerino Gerini","Italy","Europe","[1956, 1958]",0,7,6,0,0,0,0,1.5,FALSE,NA,1960,0,0.857142857142857,0,0,0,0.214285714285714,2,FALSE
"Peter Gethin","United Kingdom","Europe","[1970, 1971, 1972, 1973, 1974]",0,31,30,0,1,1,0,11,FALSE,NA,1970,0,0.967741935483871,0.032258064516129,0.032258064516129,0,0.354838709677419,5,FALSE
"Piercarlo Ghinzani","Italy","Europe","[1981, 1983, 1984, 1985, 1986, 1987, 1988, 1989]",0,111,74,0,0,0,0,2,FALSE,NA,1990,0,0.666666666666667,0,0,0,0.018018018018018,8,FALSE
"Bruno Giacomelli","Italy","Europe","[1977, 1978, 1979, 1980, 1981, 1982, 1983, 1990]",0,82,69,1,0,1,0,14,FALSE,NA,1980,0.0121951219512195,0.841463414634146,0,0.0121951219512195,0,0.170731707317073,8,FALSE
"Dick Gibson","United Kingdom","Europe","[1957, 1958]",0,2,2,0,0,0,0,0,FALSE,NA,1960,0,1,0,0,0,0,2,FALSE
"Gimax","Italy","Europe","[1978]",0,1,0,0,0,0,0,0,FALSE,NA,1980,0,0,0,0,0,0,1,FALSE
"Richie Ginther","United States","North America","[1960, 1961, 1962, 1963, 1964, 1965, 1966, 1967]",0,54,52,0,1,14,3,102,FALSE,NA,1960,0,0.962962962962963,0.0185185185185185,0.259259259259259,0.0555555555555556,1.88888888888889,8,FALSE
"Antonio Giovinazzi","Italy","Europe","[2017, 2019, 2020, 2021]",0,62,62,0,0,0,0,21,FALSE,NA,2020,0,1,0,0,0,0.338709677419355,4,FALSE
"Yves Giraud-Cabantous","France","Europe","[1950, 1951, 1952, 1953]",0,13,13,0,0,0,0,5,FALSE,NA,1950,0,1,0,0,0,0.384615384615385,4,FALSE
"Ignazio Giunti","Italy","Europe","[1970]",0,4,4,0,0,0,0,3,FALSE,NA,1970,0,1,0,0,0,0.75,1,FALSE
"Timo Glock","Germany","Europe","[2004, 2008, 2009, 2010, 2011, 2012]",0,95,91,0,0,3,1,51,FALSE,NA,2010,0,0.957894736842105,0,0.031578947368421,0.0105263157894737,0.536842105263158,6,FALSE
"Helm Glöckler","West Germany","Europe","[1953]",0,1,0,0,0,0,0,0,FALSE,NA,1950,0,0,0,0,0,0,1,FALSE
"Paco Godia","Spain","Europe","[1951, 1954, 1956, 1957, 1958]",0,14,13,0,0,0,0,6,FALSE,NA,1960,0,0.928571428571429,0,0,0,0.428571428571429,5,FALSE
"Carel Godin de Beaufort","Netherlands","Europe","[1957, 1958, 1959, 1960, 1961, 1962, 1963, 1964]",0,31,28,0,0,0,0,4,FALSE,NA,1960,0,0.903225806451613,0,0,0,0.129032258064516,8,FALSE
"Christian Goethals","Belgium","Europe","[1958]",0,1,1,0,0,0,0,0,FALSE,NA,1960,0,1,0,0,0,0,1,FALSE
"Paul Goldsmith","United States","North America","[1958, 1959, 1960]",0,3,3,0,0,1,0,6,FALSE,NA,1960,0,1,0,0.333333333333333,0,2,3,FALSE
"José Froilán González","Argentina","South America","[1950, 1951, 1952, 1953, 1954, 1955, 1956, 1957, 1960]",0,26,26,3,2,15,6,72.14,FALSE,NA,1950,0.115384615384615,1,0.0769230769230769,0.576923076923077,0.230769230769231,2.77461538461538,9,FALSE
"Óscar González","Uruguay","Africa","[1956]",0,1,1,0,0,0,0,0,FALSE,NA,1960,0,1,0,0,0,0,1,FALSE
"Aldo Gordini","France","Europe","[1951]",0,1,1,0,0,0,0,0,FALSE,NA,1950,0,1,0,0,0,0,1,FALSE
"Horace Gould","United Kingdom","Europe","[1954, 1955, 1956, 1957, 1958, 1960]",0,18,14,0,0,0,0,2,FALSE,NA,1960,0,0.777777777777778,0,0,0,0.111111111111111,6,FALSE
"Jean-Marc Gounon","France","Europe","[1993, 1994]",0,9,9,0,0,0,0,0,FALSE,NA,1990,0,1,0,0,0,0,2,FALSE
"Emmanuel de Graffenried","Switzerland","Europe","[1950, 1951, 1952, 1953, 1954, 1956]",0,23,22,0,0,0,0,9,FALSE,NA,1950,0,0.956521739130435,0,0,0,0.391304347826087,6,FALSE
"Lucas di Grassi","Brazil","South America","[2010]",0,19,18,0,0,0,0,0,FALSE,NA,2010,0,0.947368421052632,0,0,0,0,1,FALSE
"Cecil Green","United States","North America","[1950, 1951]",0,2,2,0,0,0,0,3,FALSE,NA,1950,0,1,0,0,0,1.5,2,FALSE
"Keith Greene","United Kingdom","Europe","[1959, 1960, 1961, 1962]",0,6,3,0,0,0,0,0,FALSE,NA,1960,0,0.5,0,0,0,0,4,FALSE
"Masten Gregory","United States","North America","[1957, 1958, 1959, 1960, 1961, 1962, 1963, 1965]",0,43,38,0,0,3,0,21,FALSE,NA,1960,0,0.883720930232558,0,0.0697674418604651,0,0.488372093023256,8,FALSE
"Cliff Griffith","United States","North America","[1951, 1952, 1956]",0,7,3,0,0,0,0,0,FALSE,NA,1950,0,0.428571428571429,0,0,0,0,3,FALSE
"Georges Grignard","France","Europe","[1951]",0,1,1,0,0,0,0,0,FALSE,NA,1950,0,1,0,0,0,0,1,FALSE
"Bobby Grim","United States","North America","[1959, 1960]",0,2,2,0,0,0,0,0,FALSE,NA,1960,0,1,0,0,0,0,2,FALSE
"Romain Grosjean","France","Europe","[2009, 2012, 2013, 2014, 2015, 2016, 2017, 2018, 2019, 2020]",0,181,179,0,0,10,1,391,FALSE,NA,2020,0,0.988950276243094,0,0.0552486187845304,0.00552486187845303,2.16022099447514,10,FALSE
"Olivier Grouillard","France","Europe","[1989, 1990, 1991, 1992]",0,62,41,0,0,0,0,1,FALSE,NA,1990,0,0.661290322580645,0,0,0,0.0161290322580645,4,FALSE
"Brian Gubby","United Kingdom","Europe","[1965]",0,1,0,0,0,0,0,0,FALSE,NA,1960,0,0,0,0,0,0,1,FALSE
"André Guelfi","France","Europe","[1958]",0,1,1,0,0,0,0,0,FALSE,NA,1960,0,1,0,0,0,0,1,FALSE
"Miguel Ángel Guerra","Argentina","South America","[1981]",0,4,1,0,0,0,0,0,FALSE,NA,1980,0,0.25,0,0,0,0,1,FALSE
"Roberto Guerrero","Colombia","South America","[1982, 1983]",0,29,21,0,0,0,0,0,FALSE,NA,1980,0,0.724137931034483,0,0,0,0,2,FALSE
"Maurício Gugelmin","Brazil","South America","[1988, 1989, 1990, 1991, 1992]",0,80,74,0,0,1,1,10,FALSE,NA,1990,0,0.925,0,0.0125,0.0125,0.125,5,FALSE
"Dan Gurney","United States","North America","[1959, 1960, 1961, 1962, 1963, 1964, 1965, 1966, 1967, 1968, 1970]",0,87,86,3,4,19,6,133,FALSE,NA,1960,0.0344827586206896,0.988505747126437,0.0459770114942529,0.218390804597701,0.0689655172413793,1.52873563218391,11,FALSE
"Esteban Gutiérrez","Mexico","North America","[2013, 2014, 2016]",0,59,59,0,0,0,1,6,FALSE,NA,2010,0,1,0,0,0.0169491525423729,0.101694915254237,3,FALSE
"Hubert Hahne","West Germany","Europe","[1967, 1968, 1970]",0,3,2,0,0,0,0,0,FALSE,NA,1970,0,0.666666666666667,0,0,0,0,3,FALSE
"Mike Hailwood","United Kingdom","Europe","[1963, 1964, 1965, 1971, 1972, 1973, 1974]",0,50,50,0,0,2,1,29,FALSE,NA,1970,0,1,0,0.04,0.02,0.58,7,FALSE
"Mika Häkkinen","Finland","Europe","[1991, 1992, 1993, 1994, 1995, 1996, 1997, 1998, 1999, 2000, 2001]",2,165,161,26,20,51,25,420,FALSE,"[1998, 1999]",2000,0.157575757575758,0.975757575757576,0.121212121212121,0.309090909090909,0.151515151515152,2.54545454545455,11,TRUE
"Bruce Halford","United Kingdom","Europe","[1956, 1957, 1959, 1960]",0,9,8,0,0,0,0,0,FALSE,NA,1960,0,0.888888888888889,0,0,0,0,4,FALSE
"Jim Hall","United States","North America","[1960, 1961, 1962, 1963]",0,12,11,0,0,0,0,3,FALSE,NA,1960,0,0.916666666666667,0,0,0,0.25,4,FALSE
"Duncan Hamilton","United Kingdom","Europe","[1951, 1952, 1953]",0,5,5,0,0,0,0,0,FALSE,NA,1950,0,1,0,0,0,0,3,FALSE
"Lewis Hamilton","United Kingdom","Europe","[2007, 2008, 2009, 2010, 2011, 2012, 2013, 2014, 2015, 2016, 2017, 2018, 2019, 2020, 2021, 2022]",7,311,311,103,103,191,61,4415.5,TRUE,"[2008, 2014, 2015, 2017, 2018, 2019, 2020]",2010,0.331189710610932,1,0.331189710610932,0.614147909967846,0.196141479099678,14.1977491961415,16,TRUE
"David Hampshire","United Kingdom","Europe","[1950]",0,2,2,0,0,0,0,0,FALSE,NA,1950,0,1,0,0,0,0,1,FALSE
"Sam Hanks","United States","North America","[1950, 1951, 1952, 1953, 1954, 1955, 1956, 1957]",0,8,8,0,1,4,0,20,FALSE,NA,1950,0,1,0.125,0.5,0,2.5,8,FALSE
"Walt Hansgen","United States","North America","[1961, 1964]",0,2,2,0,0,0,0,2,FALSE,NA,1960,0,1,0,0,0,1,2,FALSE
"Mike Harris","South Africa","Africa","[1962]",0,1,1,0,0,0,0,0,FALSE,NA,1960,0,1,0,0,0,0,1,FALSE
"Cuth Harrison","United Kingdom","Europe","[1950]",0,3,3,0,0,0,0,0,FALSE,NA,1950,0,1,0,0,0,0,1,FALSE
"Brian Hart","United Kingdom","Europe","[1967]",0,1,0,0,0,0,0,0,FALSE,NA,1970,0,0,0,0,0,0,1,FALSE
"Brendon Hartley","New Zealand","Australia and Oceania","[2017, 2018]",0,25,25,0,0,0,0,4,FALSE,NA,2020,0,1,0,0,0,0.16,2,FALSE
"Gene Hartley","United States","North America","[1950, 1952, 1953, 1954, 1955, 1956, 1957, 1958, 1959, 1960]",0,10,8,0,0,0,0,0,FALSE,NA,1960,0,0.8,0,0,0,0,10,FALSE
"Rio Haryanto","Indonesia","Asia","[2016]",0,12,12,0,0,0,0,0,FALSE,NA,2020,0,1,0,0,0,0,1,FALSE
"Masahiro Hasemi","Japan","Asia","[1976]",0,1,1,0,0,0,0,0,FALSE,NA,1980,0,1,0,0,0,0,1,FALSE
"Naoki Hattori","Japan","Asia","[1991]",0,2,0,0,0,0,0,0,FALSE,NA,1990,0,0,0,0,0,0,1,FALSE
"Paul Hawkins","Australia","Australia and Oceania","[1965]",0,3,3,0,0,0,0,0,FALSE,NA,1960,0,1,0,0,0,0,1,FALSE
"Mike Hawthorn","United Kingdom","Europe","[1952, 1953, 1954, 1955, 1956, 1957, 1958]",1,47,45,4,3,18,6,112.64,FALSE,"[1958]",1960,0.0851063829787234,0.957446808510638,0.0638297872340425,0.382978723404255,0.127659574468085,2.39659574468085,7,TRUE
"Boy Hayje","Netherlands","Europe","[1976, 1977]",0,7,3,0,0,0,0,0,FALSE,NA,1980,0,0.428571428571429,0,0,0,0,2,FALSE
"Willi Heeks","West Germany","Europe","[1952, 1953]",0,2,2,0,0,0,0,0,FALSE,NA,1950,0,1,0,0,0,0,2,FALSE
"Nick Heidfeld","Germany","Europe","[2000, 2001, 2002, 2003, 2004, 2005, 2006, 2007, 2008, 2009, 2010, 2011]",0,185,183,1,0,13,2,259,FALSE,NA,2010,0.0054054054054054,0.989189189189189,0,0.0702702702702703,0.0108108108108108,1.4,12,FALSE
"Theo Helfrich","West Germany","Europe","[1952, 1953, 1954]",0,3,3,0,0,0,0,0,FALSE,NA,1950,0,1,0,0,0,0,3,FALSE
"Mack Hellings","United States","North America","[1950, 1951]",0,2,2,0,0,0,0,0,FALSE,NA,1950,0,1,0,0,0,0,2,FALSE
"Brian Henton","United Kingdom","Europe","[1975, 1977, 1981, 1982]",0,37,19,0,0,0,1,0,FALSE,NA,1980,0,0.513513513513513,0,0,0.027027027027027,0,4,FALSE
"Johnny Herbert","United Kingdom","Europe","[1989, 1990, 1991, 1992, 1993, 1994, 1995, 1996, 1997, 1998, 1999, 2000]",0,165,160,0,3,7,0,98,FALSE,NA,1990,0,0.96969696969697,0.0181818181818182,0.0424242424242424,0,0.593939393939394,12,FALSE
"Al Herman","United States","North America","[1955, 1956, 1957, 1959, 1960]",0,8,5,0,0,0,0,0,FALSE,NA,1960,0,0.625,0,0,0,0,5,FALSE
"Hans Herrmann","West Germany","Europe","[1953, 1954, 1955, 1957, 1958, 1959, 1960, 1961]",0,19,17,0,0,1,1,10,FALSE,NA,1960,0,0.894736842105263,0,0.0526315789473684,0.0526315789473684,0.526315789473684,8,FALSE
"François Hesnault","France","Europe","[1984, 1985]",0,21,19,0,0,0,0,0,FALSE,NA,1980,0,0.904761904761905,0,0,0,0,2,FALSE
"Hans Heyer","West Germany","Europe","[1977]",0,1,1,0,0,0,0,0,FALSE,NA,1980,0,1,0,0,0,0,1,FALSE
"Damon Hill","United Kingdom","Europe","[1992, 1993, 1994, 1995, 1996, 1997, 1998, 1999]",1,122,115,20,22,42,19,360,FALSE,"[1996]",2000,0.163934426229508,0.942622950819672,0.180327868852459,0.344262295081967,0.155737704918033,2.95081967213115,8,TRUE
"Graham Hill","United Kingdom","Europe","[1958, 1959, 1960, 1961, 1962, 1963, 1964, 1965, 1966, 1967, 1968, 1969, 1970, 1971, 1972, 1973, 1974, 1975]",2,179,176,13,14,36,10,270,FALSE,"[1962, 1968]",1970,0.0726256983240224,0.983240223463687,0.0782122905027933,0.201117318435754,0.0558659217877095,1.50837988826816,18,TRUE
"Phil Hill","United States","North America","[1958, 1959, 1960, 1961, 1962, 1963, 1964, 1966]",1,52,49,6,3,16,6,94,FALSE,"[1961]",1960,0.115384615384615,0.942307692307692,0.0576923076923077,0.307692307692308,0.115384615384615,1.80769230769231,8,TRUE
"Peter Hirt","Switzerland","Europe","[1951, 1952, 1953]",0,5,5,0,0,0,0,0,FALSE,NA,1950,0,1,0,0,0,0,3,FALSE
"David Hobbs","United Kingdom","Europe","[1967, 1968, 1971, 1974]",0,7,7,0,0,0,0,0,FALSE,NA,1970,0,1,0,0,0,0,4,FALSE
"Gary Hocking","Rhodesia and Nyasaland","Africa","[1962]",0,1,0,0,0,0,0,0,FALSE,NA,1960,0,0,0,0,0,0,1,FALSE
"Ingo Hoffmann","Brazil","South America","[1976, 1977]",0,6,3,0,0,0,0,0,FALSE,NA,1980,0,0.5,0,0,0,0,2,FALSE
"Bill Holland","United States","North America","[1950, 1953]",0,3,2,0,0,1,0,6,FALSE,NA,1950,0,0.666666666666667,0,0.333333333333333,0,2,2,FALSE
"Jackie Holmes","United States","North America","[1950, 1953]",0,4,2,0,0,0,0,0,FALSE,NA,1950,0,0.5,0,0,0,0,2,FALSE
"Bill Homeier","United States","North America","[1954, 1955, 1960]",0,6,3,0,0,0,0,1,FALSE,NA,1960,0,0.5,0,0,0,0.166666666666667,3,FALSE
"Kazuyoshi Hoshino","Japan","Asia","[1976, 1977]",0,2,2,0,0,0,0,0,FALSE,NA,1980,0,1,0,0,0,0,2,FALSE
"Jerry Hoyt","United States","North America","[1950, 1953, 1954, 1955]",0,4,4,1,0,0,0,0,FALSE,NA,1950,0.25,1,0,0,0,0,4,FALSE
"Nico Hülkenberg","Germany","Europe","[2010, 2012, 2013, 2014, 2015, 2016, 2017, 2018, 2019, 2020, 2022]",0,185,182,1,0,0,2,521,TRUE,NA,2020,0.0054054054054054,0.983783783783784,0,0,0.0108108108108108,2.81621621621622,11,FALSE
"Denny Hulme","New Zealand","Australia and Oceania","[1965, 1966, 1967, 1968, 1969, 1970, 1971, 1972, 1973, 1974]",1,112,112,1,8,33,9,248,FALSE,"[1967]",1970,0.00892857142857142,1,0.0714285714285714,0.294642857142857,0.0803571428571429,2.21428571428571,10,TRUE
"James Hunt","United Kingdom","Europe","[1973, 1974, 1975, 1976, 1977, 1978, 1979]",1,93,92,14,10,23,8,179,FALSE,"[1976]",1980,0.150537634408602,0.989247311827957,0.10752688172043,0.247311827956989,0.0860215053763441,1.9247311827957,7,TRUE
"Jim Hurtubise","United States","North America","[1960]",0,1,1,0,0,0,0,0,FALSE,NA,1960,0,1,0,0,0,0,1,FALSE
"Gus Hutchison","United States","North America","[1970]",0,1,1,0,0,0,0,0,FALSE,NA,1970,0,1,0,0,0,0,1,FALSE
"Jacky Ickx","Belgium","Europe","[1967, 1968, 1969, 1970, 1971, 1972, 1973, 1974, 1975, 1976, 1977, 1978, 1979]",0,120,114,13,8,25,14,181,FALSE,NA,1970,0.108333333333333,0.95,0.0666666666666667,0.208333333333333,0.116666666666667,1.50833333333333,13,FALSE
"Yuji Ide","Japan","Asia","[2006]",0,4,4,0,0,0,0,0,FALSE,NA,2010,0,1,0,0,0,0,1,FALSE
"Jesús Iglesias","Argentina","South America","[1955]",0,1,1,0,0,0,0,0,FALSE,NA,1960,0,1,0,0,0,0,1,FALSE
"Taki Inoue","Japan","Asia","[1994, 1995]",0,18,18,0,0,0,0,0,FALSE,NA,1990,0,1,0,0,0,0,2,FALSE
"Innes Ireland","United Kingdom","Europe","[1959, 1960, 1961, 1962, 1963, 1964, 1965, 1966]",0,53,50,0,1,4,1,47,FALSE,NA,1960,0,0.943396226415094,0.0188679245283019,0.0754716981132075,0.0188679245283019,0.886792452830189,8,FALSE
"Eddie Irvine","United Kingdom","Europe","[1993, 1994, 1995, 1996, 1997, 1998, 1999, 2000, 2001, 2002]",0,148,145,0,4,26,1,191,FALSE,NA,2000,0,0.97972972972973,0.027027027027027,0.175675675675676,0.00675675675675675,1.29054054054054,10,FALSE
"Chris Irwin","United Kingdom","Europe","[1966, 1967]",0,10,10,0,0,0,0,2,FALSE,NA,1970,0,1,0,0,0,0.2,2,FALSE
"Jean-Pierre Jabouille","France","Europe","[1974, 1975, 1977, 1978, 1979, 1980, 1981]",0,55,49,6,2,2,0,21,FALSE,NA,1980,0.109090909090909,0.890909090909091,0.0363636363636364,0.0363636363636364,0,0.381818181818182,7,FALSE
"Jimmy Jackson","United States","North America","[1950, 1954]",0,3,2,0,0,0,0,0,FALSE,NA,1950,0,0.666666666666667,0,0,0,0,2,FALSE
"Joe James","United States","North America","[1951, 1952]",0,3,2,0,0,0,0,0,FALSE,NA,1950,0,0.666666666666667,0,0,0,0,2,FALSE
"John James","United Kingdom","Europe","[1951]",0,1,1,0,0,0,0,0,FALSE,NA,1950,0,1,0,0,0,0,1,FALSE
"Jean-Pierre Jarier","France","Europe","[1971, 1973, 1974, 1975, 1976, 1977, 1978, 1979, 1980, 1981, 1982, 1983]",0,143,135,3,0,3,3,31.5,FALSE,NA,1980,0.020979020979021,0.944055944055944,0,0.020979020979021,0.020979020979021,0.22027972027972,12,FALSE
"Max Jean[w]","France","Europe","[1971]",0,1,1,0,0,0,0,0,FALSE,NA,1970,0,1,0,0,0,0,1,FALSE
"Stefan Johansson","Sweden","Europe","[1980, 1983, 1984, 1985, 1986, 1987, 1988, 1989, 1990, 1991]",0,103,79,0,0,12,0,88,FALSE,NA,1990,0,0.766990291262136,0,0.116504854368932,0,0.854368932038835,10,FALSE
"Eddie Johnson","United States","North America","[1952, 1953, 1954, 1955, 1956, 1957, 1958, 1959, 1960]",0,9,9,0,0,0,0,1,FALSE,NA,1960,0,1,0,0,0,0.111111111111111,9,FALSE
"Leslie Johnson","United Kingdom","Europe","[1950]",0,1,1,0,0,0,0,0,FALSE,NA,1950,0,1,0,0,0,0,1,FALSE
"Bruce Johnstone","South Africa","Africa","[1962]",0,1,1,0,0,0,0,0,FALSE,NA,1960,0,1,0,0,0,0,1,FALSE
"Alan Jones","Australia","Australia and Oceania","[1975, 1976, 1977, 1978, 1979, 1980, 1981, 1983, 1985, 1986]",1,117,116,6,12,24,13,199,FALSE,"[1980]",1980,0.0512820512820513,0.991452991452992,0.102564102564103,0.205128205128205,0.111111111111111,1.7008547008547,10,TRUE
"Tom Jones","United States","North America","[1967]",0,1,0,0,0,0,0,0,FALSE,NA,1970,0,0,0,0,0,0,1,FALSE
"Juan Jover","Spain","Europe","[1951]",0,1,0,0,0,0,0,0,FALSE,NA,1950,0,0,0,0,0,0,1,FALSE
"Oswald Karch","West Germany","Europe","[1953]",0,1,1,0,0,0,0,0,FALSE,NA,1950,0,1,0,0,0,0,1,FALSE
"Narain Karthikeyan","India","Asia","[2005, 2011, 2012]",0,48,46,0,0,0,0,5,FALSE,NA,2010,0,0.958333333333333,0,0,0,0.104166666666667,3,FALSE
"Ukyo Katayama","Japan","Asia","[1992, 1993, 1994, 1995, 1996, 1997]",0,97,95,0,0,0,0,5,FALSE,NA,1990,0,0.979381443298969,0,0,0,0.0515463917525773,6,FALSE
"Ken Kavanagh","Australia","Australia and Oceania","[1958]",0,2,0,0,0,0,0,0,FALSE,NA,1960,0,0,0,0,0,0,1,FALSE
"Rupert Keegan","United Kingdom","Europe","[1977, 1978, 1980, 1982]",0,37,25,0,0,0,0,0,FALSE,NA,1980,0,0.675675675675676,0,0,0,0,4,FALSE
"Eddie Keizan","South Africa","Africa","[1973, 1974, 1975]",0,3,3,0,0,0,0,0,FALSE,NA,1970,0,1,0,0,0,0,3,FALSE
"Al Keller","United States","North America","[1955, 1956, 1957, 1958, 1959]",0,6,5,0,0,0,0,0,FALSE,NA,1960,0,0.833333333333333,0,0,0,0,5,FALSE
"Joe Kelly","Ireland","Europe","[1950, 1951]",0,2,2,0,0,0,0,0,FALSE,NA,1950,0,1,0,0,0,0,2,FALSE
"David Kennedy","Ireland","Europe","[1980]",0,7,0,0,0,0,0,0,FALSE,NA,1980,0,0,0,0,0,0,1,FALSE
"Loris Kessel","Switzerland","Europe","[1976, 1977]",0,6,3,0,0,0,0,0,FALSE,NA,1980,0,0.5,0,0,0,0,2,FALSE
"Bruce Kessler","United States","North America","[1958]",0,1,0,0,0,0,0,0,FALSE,NA,1960,0,0,0,0,0,0,1,FALSE
"Nicolas Kiesa","Denmark","Europe","[2003]",0,5,5,0,0,0,0,0,FALSE,NA,2000,0,1,0,0,0,0,1,FALSE
"Leo Kinnunen","Finland","Europe","[1974]",0,6,1,0,0,0,0,0,FALSE,NA,1970,0,0.166666666666667,0,0,0,0,1,FALSE
"Danny Kladis","United States","North America","[1954]",0,5,1,0,0,0,0,0,FALSE,NA,1950,0,0.2,0,0,0,0,1,FALSE
"Hans Klenk","West Germany","Europe","[1952]",0,1,1,0,0,0,0,0,FALSE,NA,1950,0,1,0,0,0,0,1,FALSE
"Peter de Klerk","South Africa","Africa","[1963, 1965, 1969, 1970]",0,4,4,0,0,0,0,0,FALSE,NA,1970,0,1,0,0,0,0,4,FALSE
"Christian Klien","Austria","Europe","[2004, 2005, 2006, 2010]",0,51,49,0,0,0,0,14,FALSE,NA,2010,0,0.96078431372549,0,0,0,0.274509803921569,4,FALSE
"Karl Kling","West Germany","Europe","[1954, 1955]",0,11,11,0,0,2,1,17,FALSE,NA,1950,0,1,0,0.181818181818182,0.0909090909090909,1.54545454545455,2,FALSE
"Ernst Klodwig","East Germany","Europe","[1952, 1953]",0,2,2,0,0,0,0,0,FALSE,NA,1950,0,1,0,0,0,0,2,FALSE
"Kamui Kobayashi","Japan","Asia","[2009, 2010, 2011, 2012, 2014]",0,76,75,0,0,1,1,125,FALSE,NA,2010,0,0.986842105263158,0,0.0131578947368421,0.0131578947368421,1.64473684210526,5,FALSE
"Helmuth Koinigg","Austria","Europe","[1974]",0,3,2,0,0,0,0,0,FALSE,NA,1970,0,0.666666666666667,0,0,0,0,1,FALSE
"Heikki Kovalainen","Finland","Europe","[2007, 2008, 2009, 2010, 2011, 2012, 2013]",0,112,111,1,1,4,2,105,FALSE,NA,2010,0.00892857142857142,0.991071428571429,0.00892857142857142,0.0357142857142857,0.0178571428571428,0.9375,7,FALSE
"Mikko Kozarowitzky","Finland","Europe","[1977]",0,2,0,0,0,0,0,0,FALSE,NA,1980,0,0,0,0,0,0,1,FALSE
"Willi Krakau","West Germany","Europe","[1952]",0,1,0,0,0,0,0,0,FALSE,NA,1950,0,0,0,0,0,0,1,FALSE
"Rudolf Krause","East Germany","Europe","[1952, 1953]",0,2,2,0,0,0,0,0,FALSE,NA,1950,0,1,0,0,0,0,2,FALSE
"Robert Kubica","Poland","Europe","[2006, 2007, 2008, 2009, 2010, 2019, 2021]",0,99,99,1,1,12,1,274,FALSE,NA,2010,0.0101010101010101,1,0.0101010101010101,0.121212121212121,0.0101010101010101,2.76767676767677,7,FALSE
"Kurt Kuhnke","West Germany","Europe","[1963]",0,1,0,0,0,0,0,0,FALSE,NA,1960,0,0,0,0,0,0,1,FALSE
"Masami Kuwashima","Japan","Asia","[1976]",0,1,0,0,0,0,0,0,FALSE,NA,1980,0,0,0,0,0,0,1,FALSE
"Daniil Kvyat","Russia","Europe","[2014, 2015, 2016, 2017, 2019, 2020]",0,112,110,0,0,3,1,202,FALSE,NA,2020,0,0.982142857142857,0,0.0267857142857143,0.00892857142857142,1.80357142857143,6,FALSE
"Robert La Caze","Morocco","Africa","[1958]",0,1,1,0,0,0,0,0,FALSE,NA,1960,0,1,0,0,0,0,1,FALSE
"Jacques Laffite","France","Europe","[1974, 1975, 1976, 1977, 1978, 1979, 1980, 1981, 1982, 1983, 1984, 1985, 1986]",0,180,176,7,6,32,7,228,FALSE,NA,1980,0.0388888888888889,0.977777777777778,0.0333333333333333,0.177777777777778,0.0388888888888889,1.26666666666667,13,FALSE
"Franck Lagorce","France","Europe","[1994]",0,2,2,0,0,0,0,0,FALSE,NA,1990,0,1,0,0,0,0,1,FALSE
"Jan Lammers","Netherlands","Europe","[1979, 1980, 1981, 1982, 1992]",0,41,23,0,0,0,0,0,FALSE,NA,1980,0,0.560975609756098,0,0,0,0,5,FALSE
"Pedro Lamy","Portugal","Europe","[1993, 1994, 1995, 1996]",0,32,32,0,0,0,0,1,FALSE,NA,1990,0,1,0,0,0,0.03125,4,FALSE
"Chico Landi","Brazil","South America","[1951, 1952, 1953, 1956]",0,6,6,0,0,0,0,1.5,FALSE,NA,1950,0,1,0,0,0,0.25,4,FALSE
"Hermann Lang","West Germany","Europe","[1953, 1954]",0,2,2,0,0,0,0,2,FALSE,NA,1950,0,1,0,0,0,1,2,FALSE
"Claudio Langes","Italy","Europe","[1990]",0,14,0,0,0,0,0,0,FALSE,NA,1990,0,0,0,0,0,0,1,FALSE
"Nicola Larini","Italy","Europe","[1987, 1988, 1989, 1990, 1991, 1992, 1994, 1997]",0,75,49,0,0,1,0,7,FALSE,NA,1990,0,0.653333333333333,0,0.0133333333333333,0,0.0933333333333333,8,FALSE
"Oscar Larrauri","Argentina","South America","[1988, 1989]",0,21,8,0,0,0,0,0,FALSE,NA,1990,0,0.380952380952381,0,0,0,0,2,FALSE
"Gérard Larrousse","France","Europe","[1974]",0,2,1,0,0,0,0,0,FALSE,NA,1970,0,0.5,0,0,0,0,1,FALSE
"Jud Larson","United States","North America","[1958, 1959]",0,5,2,0,0,0,0,0,FALSE,NA,1960,0,0.4,0,0,0,0,2,FALSE
"Nicholas Latifi","Canada","North America","[2020, 2021, 2022]",0,61,61,0,0,0,0,9,FALSE,NA,2020,0,1,0,0,0,0.147540983606557,3,FALSE
"Niki Lauda","Austria","Europe","[1971, 1972, 1973, 1974, 1975, 1976, 1977, 1978, 1979, 1982, 1983, 1984, 1985]",3,177,171,24,25,54,24,420.5,FALSE,"[1975, 1977, 1984]",1980,0.135593220338983,0.966101694915254,0.141242937853107,0.305084745762712,0.135593220338983,2.37570621468927,13,TRUE
"Roger Laurent","Belgium","Europe","[1952]",0,2,2,0,0,0,0,0,FALSE,NA,1950,0,1,0,0,0,0,1,FALSE
"Giovanni Lavaggi","Italy","Europe","[1995, 1996]",0,10,7,0,0,0,0,0,FALSE,NA,2000,0,0.7,0,0,0,0,2,FALSE
"Chris Lawrence","United Kingdom","Europe","[1966]",0,2,2,0,0,0,0,0,FALSE,NA,1970,0,1,0,0,0,0,1,FALSE
"Charles Leclerc","Monaco","Europe","[2018, 2019, 2020, 2021, 2022]",0,104,103,18,5,24,7,868,TRUE,NA,2020,0.173076923076923,0.990384615384615,0.0480769230769231,0.230769230769231,0.0673076923076923,8.34615384615385,5,FALSE
"Michel Leclère","France","Europe","[1975, 1976]",0,8,7,0,0,0,0,0,FALSE,NA,1980,0,0.875,0,0,0,0,2,FALSE
"Neville Lederle","South Africa","Africa","[1962, 1965]",0,2,1,0,0,0,0,1,FALSE,NA,1960,0,0.5,0,0,0,0.5,2,FALSE
"Geoff Lees","United Kingdom","Europe","[1978, 1979, 1980, 1982]",0,12,5,0,0,0,0,0,FALSE,NA,1980,0,0.416666666666667,0,0,0,0,4,FALSE
"Gijs van Lennep","Netherlands","Europe","[1971, 1973, 1974, 1975]",0,10,8,0,0,0,0,2,FALSE,NA,1970,0,0.8,0,0,0,0.2,4,FALSE
"Arthur Legat","Belgium","Europe","[1952, 1953]",0,2,2,0,0,0,0,0,FALSE,NA,1950,0,1,0,0,0,0,2,FALSE
"JJ Lehto","Finland","Europe","[1989, 1990, 1991, 1992, 1993, 1994]",0,70,62,0,0,1,0,10,FALSE,NA,1990,0,0.885714285714286,0,0.0142857142857143,0,0.142857142857143,6,FALSE
"Lamberto Leoni","Italy","Europe","[1977, 1978]",0,5,1,0,0,0,0,0,FALSE,NA,1980,0,0.2,0,0,0,0,2,FALSE
"Les Leston","United Kingdom","Europe","[1956, 1957]",0,3,2,0,0,0,0,0,FALSE,NA,1960,0,0.666666666666667,0,0,0,0,2,FALSE
"Pierre Levegh","France","Europe","[1950, 1951]",0,6,6,0,0,0,0,0,FALSE,NA,1950,0,1,0,0,0,0,2,FALSE
"Bayliss Levrett","United States","North America","[1950]",0,3,1,0,0,0,0,0,FALSE,NA,1950,0,0.333333333333333,0,0,0,0,1,FALSE
"Jackie Lewis","United Kingdom","Europe","[1961, 1962]",0,10,9,0,0,0,0,3,FALSE,NA,1960,0,0.9,0,0,0,0.3,2,FALSE
"Stuart Lewis-Evans","United Kingdom","Europe","[1957, 1958]",0,14,14,2,0,2,0,16,FALSE,NA,1960,0.142857142857143,1,0,0.142857142857143,0,1.14285714285714,2,FALSE
"Guy Ligier","France","Europe","[1966, 1967]",0,13,12,0,0,0,0,1,FALSE,NA,1970,0,0.923076923076923,0,0,0,0.0769230769230769,2,FALSE
"Andy Linden","United States","North America","[1951, 1952, 1953, 1954, 1955, 1956, 1957]",0,8,7,0,0,0,0,5,FALSE,NA,1950,0,0.875,0,0,0,0.625,7,FALSE
"Roberto Lippi","Italy","Europe","[1961, 1962, 1963]",0,3,1,0,0,0,0,0,FALSE,NA,1960,0,0.333333333333333,0,0,0,0,3,FALSE
"Vitantonio Liuzzi","Italy","Europe","[2005, 2006, 2007, 2009, 2010, 2011]",0,81,80,0,0,0,0,26,FALSE,NA,2010,0,0.987654320987654,0,0,0,0.320987654320988,6,FALSE
"Dries van der Lof","Netherlands","Europe","[1952]",0,1,1,0,0,0,0,0,FALSE,NA,1950,0,1,0,0,0,0,1,FALSE
"Lella Lombardi","Italy","Europe","[1974, 1975, 1976]",0,17,12,0,0,0,0,0.5,FALSE,NA,1980,0,0.705882352941177,0,0,0,0.0294117647058823,3,FALSE
"Ricardo Londoño","Colombia","South America","[1981]",0,1,0,0,0,0,0,0,FALSE,NA,1980,0,0,0,0,0,0,1,FALSE
"Ernst Loof","West Germany","Europe","[1953]",0,1,1,0,0,0,0,0,FALSE,NA,1950,0,1,0,0,0,0,1,FALSE
"André Lotterer","Germany","Europe","[2014]",0,1,1,0,0,0,0,0,FALSE,NA,2010,0,1,0,0,0,0,1,FALSE
"Henri Louveau","France","Europe","[1950, 1951]",0,2,2,0,0,0,0,0,FALSE,NA,1950,0,1,0,0,0,0,2,FALSE
"John Love","Rhodesia","Africa","[1962, 1963, 1964, 1965, 1967, 1968, 1969, 1970, 1971, 1972]",0,10,9,0,0,1,0,6,FALSE,NA,1970,0,0.9,0,0.1,0,0.6,10,FALSE
"Pete Lovely","United States","North America","[1959, 1960, 1969, 1970, 1971]",0,11,7,0,0,0,0,0,FALSE,NA,1970,0,0.636363636363636,0,0,0,0,5,FALSE
"Roger Loyer","France","Europe","[1954]",0,1,1,0,0,0,0,0,FALSE,NA,1950,0,1,0,0,0,0,1,FALSE
"Jean Lucas","France","Europe","[1955]",0,1,1,0,0,0,0,0,FALSE,NA,1960,0,1,0,0,0,0,1,FALSE
"Jean Lucienbonnet","France","Europe","[1959]",0,1,0,0,0,0,0,0,FALSE,NA,1960,0,0,0,0,0,0,1,FALSE
"Erik Lundgren","Sweden","Europe","[1951]",0,1,0,0,0,0,0,0,FALSE,NA,1950,0,0,0,0,0,0,1,FALSE
"Brett Lunger","United States","North America","[1975, 1976, 1977, 1978]",0,43,34,0,0,0,0,0,FALSE,NA,1980,0,0.790697674418605,0,0,0,0,4,FALSE
"Mike MacDowel","United Kingdom","Europe","[1957]",0,1,1,0,0,0,0,0,FALSE,NA,1960,0,1,0,0,0,0,1,FALSE
"Herbert MacKay-Fraser","United States","North America","[1957]",0,1,1,0,0,0,0,0,FALSE,NA,1960,0,1,0,0,0,0,1,FALSE
"Bill Mackey","United States","North America","[1951]",0,1,1,0,0,0,0,0,FALSE,NA,1950,0,1,0,0,0,0,1,FALSE
"Lance Macklin","United Kingdom","Europe","[1952, 1953, 1954, 1955]",0,15,13,0,0,0,0,0,FALSE,NA,1950,0,0.866666666666667,0,0,0,0,4,FALSE
"Damien Magee","United Kingdom","Europe","[1975, 1976]",0,2,1,0,0,0,0,0,FALSE,NA,1980,0,0.5,0,0,0,0,2,FALSE
"Tony Maggs","South Africa","Africa","[1961, 1962, 1963, 1964, 1965]",0,27,25,0,0,3,0,26,FALSE,NA,1960,0,0.925925925925926,0,0.111111111111111,0,0.962962962962963,5,FALSE
"Mike Magill","United States","North America","[1957, 1958, 1959]",0,4,3,0,0,0,0,0,FALSE,NA,1960,0,0.75,0,0,0,0,3,FALSE
"Umberto Maglioli","Italy","Europe","[1953, 1954, 1955, 1956, 1957]",0,10,10,0,0,2,0,3.33,FALSE,NA,1960,0,1,0,0.2,0,0.333,5,FALSE
"Jan Magnussen","Denmark","Europe","[1995, 1997, 1998]",0,25,24,0,0,0,0,1,FALSE,NA,2000,0,0.96,0,0,0,0.04,3,FALSE
"Kevin Magnussen","Denmark","Europe","[2014, 2015, 2016, 2017, 2018, 2019, 2020, 2022]",0,143,142,1,0,1,2,183,TRUE,NA,2020,0.00699300699300699,0.993006993006993,0,0.00699300699300699,0.013986013986014,1.27972027972028,8,FALSE
"Guy Mairesse","France","Europe","[1950, 1951]",0,3,3,0,0,0,0,0,FALSE,NA,1950,0,1,0,0,0,0,2,FALSE
"Willy Mairesse","Belgium","Europe","[1960, 1961, 1962, 1963, 1965]",0,13,12,0,0,1,0,7,FALSE,NA,1960,0,0.923076923076923,0,0.0769230769230769,0,0.538461538461538,5,FALSE
"Pastor Maldonado","Venezuela","South America","[2011, 2012, 2013, 2014, 2015]",0,96,95,1,1,1,0,76,FALSE,NA,2010,0.0104166666666667,0.989583333333333,0.0104166666666667,0.0104166666666667,0,0.791666666666667,5,FALSE
"Nigel Mansell","United Kingdom","Europe","[1980, 1981, 1982, 1983, 1984, 1985, 1986, 1987, 1988, 1989, 1990, 1991, 1992, 1994, 1995]",1,191,187,32,31,59,30,480,FALSE,"[1992]",1990,0.167539267015707,0.979057591623037,0.162303664921466,0.308900523560209,0.157068062827225,2.5130890052356,15,TRUE
"Sergio Mantovani","Italy","Europe","[1953, 1954, 1955]",0,8,7,0,0,0,0,4,FALSE,NA,1950,0,0.875,0,0,0,0.5,3,FALSE
"Johnny Mantz","United States","North America","[1953]",0,1,0,0,0,0,0,0,FALSE,NA,1950,0,0,0,0,0,0,1,FALSE
"Robert Manzon","France","Europe","[1950, 1951, 1952, 1953, 1954, 1955, 1956]",0,29,28,0,0,2,0,16,FALSE,NA,1950,0,0.96551724137931,0,0.0689655172413793,0,0.551724137931034,7,FALSE
"Onofre Marimón","Argentina","South America","[1951, 1953, 1954]",0,12,11,0,0,2,1,8.14,FALSE,NA,1950,0,0.916666666666667,0,0.166666666666667,0.0833333333333333,0.678333333333333,3,FALSE
"Helmut Marko","Austria","Europe","[1971, 1972]",0,10,10,0,0,0,0,0,FALSE,NA,1970,0,1,0,0,0,0,2,FALSE
"Tarso Marques","Brazil","South America","[1996, 1997, 2001]",0,26,24,0,0,0,0,0,FALSE,NA,2000,0,0.923076923076923,0,0,0,0,3,FALSE
"Leslie Marr","United Kingdom","Europe","[1954, 1955]",0,2,2,0,0,0,0,0,FALSE,NA,1950,0,1,0,0,0,0,2,FALSE
"Tony Marsh","United Kingdom","Europe","[1957, 1958, 1961]",0,5,4,0,0,0,0,0,FALSE,NA,1960,0,0.8,0,0,0,0,3,FALSE
"Eugène Martin","France","Europe","[1950]",0,2,2,0,0,0,0,0,FALSE,NA,1950,0,1,0,0,0,0,1,FALSE
"Pierluigi Martini","Italy","Europe","[1984, 1985, 1988, 1989, 1990, 1991, 1992, 1993, 1994, 1995]",0,124,118,0,0,0,0,18,FALSE,NA,1990,0,0.951612903225806,0,0,0,0.145161290322581,10,FALSE
"Jochen Mass","West Germany","Europe","[1973, 1974, 1975, 1976, 1977, 1978, 1979, 1980, 1982]",0,114,105,0,1,8,2,71,FALSE,NA,1980,0,0.921052631578947,0.0087719298245614,0.0701754385964912,0.0175438596491228,0.62280701754386,9,FALSE
"Felipe Massa","Brazil","South America","[2002, 2004, 2005, 2006, 2007, 2008, 2009, 2010, 2011, 2012, 2013, 2014, 2015, 2016, 2017]",0,272,269,16,11,41,15,1167,FALSE,NA,2010,0.0588235294117647,0.988970588235294,0.0404411764705882,0.150735294117647,0.0551470588235294,4.29044117647059,15,FALSE
"Cristiano da Matta","Brazil","South America","[2003, 2004]",0,28,28,0,0,0,0,13,FALSE,NA,2000,0,1,0,0,0,0.464285714285714,2,FALSE
"Michael May","Switzerland","Europe","[1961]",0,3,2,0,0,0,0,0,FALSE,NA,1960,0,0.666666666666667,0,0,0,0,1,FALSE
"Timmy Mayer","United States","North America","[1962]",0,1,1,0,0,0,0,0,FALSE,NA,1960,0,1,0,0,0,0,1,FALSE
"Nikita Mazepin","RAF","Europe","[2021]",0,22,21,0,0,0,0,0,FALSE,NA,2020,0,0.954545454545455,0,0,0,0,1,FALSE
"François Mazet","France","Europe","[1971]",0,1,1,0,0,0,0,0,FALSE,NA,1970,0,1,0,0,0,0,1,FALSE
"Gastón Mazzacane","Argentina","South America","[2000, 2001]",0,21,21,0,0,0,0,0,FALSE,NA,2000,0,1,0,0,0,0,2,FALSE
"Kenneth McAlpine","United Kingdom","Europe","[1952, 1953, 1955]",0,7,7,0,0,0,0,0,FALSE,NA,1950,0,1,0,0,0,0,3,FALSE
"Perry McCarthy","United Kingdom","Europe","[1992]",0,11,0,0,0,0,0,0,FALSE,NA,1990,0,0,0,0,0,0,1,FALSE
"Ernie McCoy","United States","North America","[1953, 1954]",0,3,1,0,0,0,0,0,FALSE,NA,1950,0,0.333333333333333,0,0,0,0,2,FALSE
"Johnny McDowell","United States","North America","[1950, 1951, 1952]",0,3,3,0,0,0,0,0,FALSE,NA,1950,0,1,0,0,0,0,3,FALSE
"Jack McGrath","United States","North America","[1950, 1951, 1952, 1953, 1954, 1955]",0,6,6,1,0,2,1,9,FALSE,NA,1950,0.166666666666667,1,0,0.333333333333333,0.166666666666667,1.5,6,FALSE
"Brian McGuire","Australia","Australia and Oceania","[1977]",0,2,0,0,0,0,0,0,FALSE,NA,1980,0,0,0,0,0,0,1,FALSE
"Bruce McLaren","New Zealand","Australia and Oceania","[1958, 1959, 1960, 1961, 1962, 1963, 1964, 1965, 1966, 1967, 1968, 1969, 1970]",0,104,100,0,4,27,3,188.5,FALSE,NA,1960,0,0.961538461538462,0.0384615384615385,0.259615384615385,0.0288461538461538,1.8125,13,FALSE
"Allan McNish","United Kingdom","Europe","[2002]",0,17,16,0,0,0,0,0,FALSE,NA,2000,0,0.941176470588235,0,0,0,0,1,FALSE
"Graham McRae","New Zealand","Australia and Oceania","[1973]",0,1,1,0,0,0,0,0,FALSE,NA,1970,0,1,0,0,0,0,1,FALSE
"Jim McWithey","United States","North America","[1959, 1960]",0,5,2,0,0,0,0,0,FALSE,NA,1960,0,0.4,0,0,0,0,2,FALSE
"Carlos Menditeguy","Argentina","South America","[1953, 1954, 1955, 1956, 1957, 1958, 1960]",0,11,10,0,0,1,0,9,FALSE,NA,1960,0,0.909090909090909,0,0.0909090909090909,0,0.818181818181818,7,FALSE
"Roberto Merhi","Spain","Europe","[2015]",0,14,13,0,0,0,0,0,FALSE,NA,2020,0,0.928571428571429,0,0,0,0,1,FALSE
"Harry Merkel","West Germany","Europe","[1952]",0,1,0,0,0,0,0,0,FALSE,NA,1950,0,0,0,0,0,0,1,FALSE
"Arturo Merzario","Italy","Europe","[1972, 1973, 1974, 1975, 1976, 1977, 1978, 1979]",0,85,57,0,0,0,0,11,FALSE,NA,1980,0,0.670588235294118,0,0,0,0.129411764705882,8,FALSE
"Roberto Mieres","Argentina","South America","[1953, 1954, 1955]",0,17,17,0,0,0,1,13,FALSE,NA,1950,0,1,0,0,0.0588235294117647,0.764705882352941,3,FALSE
"François Migault","France","Europe","[1972, 1974, 1975]",0,16,13,0,0,0,0,0,FALSE,NA,1970,0,0.8125,0,0,0,0,3,FALSE
"John Miles","United Kingdom","Europe","[1969, 1970]",0,15,12,0,0,0,0,2,FALSE,NA,1970,0,0.8,0,0,0,0.133333333333333,2,FALSE
"Ken Miles","United Kingdom","Europe","[1961]",0,1,0,0,0,0,0,0,FALSE,NA,1960,0,0,0,0,0,0,1,FALSE
"André Milhoux","Belgium","Europe","[1956]",0,1,1,0,0,0,0,0,FALSE,NA,1960,0,1,0,0,0,0,1,FALSE
"Chet Miller","United States","North America","[1951, 1952]",0,4,2,0,0,0,0,0,FALSE,NA,1950,0,0.5,0,0,0,0,2,FALSE
"Gerhard Mitter","West Germany","Europe","[1963, 1964, 1965]",0,7,5,0,0,0,0,3,FALSE,NA,1960,0,0.714285714285714,0,0,0,0.428571428571429,3,FALSE
"Stefano Modena","Italy","Europe","[1987, 1988, 1989, 1990, 1991, 1992]",0,81,70,0,0,2,0,17,FALSE,NA,1990,0,0.864197530864197,0,0.0246913580246913,0,0.209876543209877,6,FALSE
"Thomas Monarch","United States","North America","[1963]",0,1,0,0,0,0,0,0,FALSE,NA,1960,0,0,0,0,0,0,1,FALSE
"Franck Montagny","France","Europe","[2006]",0,7,7,0,0,0,0,0,FALSE,NA,2010,0,1,0,0,0,0,1,FALSE
"Tiago Monteiro","Portugal","Europe","[2005, 2006]",0,37,37,0,0,1,0,7,FALSE,NA,2010,0,1,0,0.027027027027027,0,0.189189189189189,2,FALSE
"Andrea Montermini","Italy","Europe","[1994, 1995, 1996]",0,29,19,0,0,0,0,0,FALSE,NA,2000,0,0.655172413793103,0,0,0,0,3,FALSE
"Peter Monteverdi","Switzerland","Europe","[1961]",0,1,0,0,0,0,0,0,FALSE,NA,1960,0,0,0,0,0,0,1,FALSE
"Robin Montgomerie-Charrington","United Kingdom","Europe","[1952]",0,1,1,0,0,0,0,0,FALSE,NA,1950,0,1,0,0,0,0,1,FALSE
"Juan Pablo Montoya","Colombia","South America","[2001, 2002, 2003, 2004, 2005, 2006]",0,95,94,13,7,30,12,307,FALSE,NA,2000,0.136842105263158,0.989473684210526,0.0736842105263158,0.315789473684211,0.126315789473684,3.23157894736842,6,FALSE
"Gianni Morbidelli","Italy","Europe","[1990, 1991, 1992, 1994, 1995, 1997]",0,70,67,0,0,1,0,8.5,FALSE,NA,1990,0,0.957142857142857,0,0.0142857142857143,0,0.121428571428571,6,FALSE
"Roberto Moreno","Brazil","South America","[1982, 1987, 1989, 1990, 1991, 1992, 1995]",0,77,41,0,0,1,1,15,FALSE,NA,1990,0,0.532467532467532,0,0.012987012987013,0.012987012987013,0.194805194805195,7,FALSE
"Dave Morgan","United Kingdom","Europe","[1975]",0,1,1,0,0,0,0,0,FALSE,NA,1980,0,1,0,0,0,0,1,FALSE
"Silvio Moser","Switzerland","Europe","[1967, 1968, 1969, 1970, 1971]",0,20,12,0,0,0,0,3,FALSE,NA,1970,0,0.6,0,0,0,0.15,5,FALSE
"Bill Moss","United Kingdom","Europe","[1959]",0,1,0,0,0,0,0,0,FALSE,NA,1960,0,0,0,0,0,0,1,FALSE
"Stirling Moss","United Kingdom","Europe","[1951, 1952, 1953, 1954, 1955, 1956, 1957, 1958, 1959, 1960, 1961]",0,67,66,16,16,24,19,185.64,FALSE,NA,1960,0.238805970149254,0.985074626865672,0.238805970149254,0.358208955223881,0.283582089552239,2.77074626865672,11,FALSE
"Gino Munaron","Italy","Europe","[1960]",0,4,4,0,0,0,0,0,FALSE,NA,1960,0,1,0,0,0,0,1,FALSE
"David Murray","United Kingdom","Europe","[1950, 1951, 1952]",0,5,4,0,0,0,0,0,FALSE,NA,1950,0,0.8,0,0,0,0,3,FALSE
"Luigi Musso","Italy","Europe","[1953, 1954, 1955, 1956, 1957, 1958]",0,25,24,0,1,7,1,44,FALSE,NA,1960,0,0.96,0.04,0.28,0.04,1.76,6,FALSE
"Kazuki Nakajima","Japan","Asia","[2007, 2008, 2009]",0,36,36,0,0,0,0,9,FALSE,NA,2010,0,1,0,0,0,0.25,3,FALSE
"Satoru Nakajima","Japan","Asia","[1987, 1988, 1989, 1990, 1991]",0,80,74,0,0,0,1,16,FALSE,NA,1990,0,0.925,0,0,0.0125,0.2,5,FALSE
"Shinji Nakano","Japan","Asia","[1997, 1998]",0,33,33,0,0,0,0,2,FALSE,NA,2000,0,1,0,0,0,0.0606060606060606,2,FALSE
"Duke Nalon","United States","North America","[1951, 1952, 1953]",0,5,3,1,0,0,0,0,FALSE,NA,1950,0.2,0.6,0,0,0,0,3,FALSE
"Alessandro Nannini","Italy","Europe","[1986, 1987, 1988, 1989, 1990]",0,78,76,0,1,9,2,65,FALSE,NA,1990,0,0.974358974358974,0.0128205128205128,0.115384615384615,0.0256410256410256,0.833333333333333,5,FALSE
"Emanuele Naspetti","Italy","Europe","[1992, 1993]",0,6,6,0,0,0,0,0,FALSE,NA,1990,0,1,0,0,0,0,2,FALSE
"Felipe Nasr","Brazil","South America","[2015, 2016]",0,40,39,0,0,0,0,29,FALSE,NA,2020,0,0.975,0,0,0,0.725,2,FALSE
"Massimo Natili","Italy","Europe","[1961]",0,2,1,0,0,0,0,0,FALSE,NA,1960,0,0.5,0,0,0,0,1,FALSE
"Brian Naylor","United Kingdom","Europe","[1957, 1958, 1959, 1960, 1961]",0,8,7,0,0,0,0,0,FALSE,NA,1960,0,0.875,0,0,0,0,5,FALSE
"Mike Nazaruk","United States","North America","[1951, 1953, 1954]",0,4,3,0,0,1,0,8,FALSE,NA,1950,0,0.75,0,0.25,0,2,3,FALSE
"Tiff Needell","United Kingdom","Europe","[1980]",0,2,1,0,0,0,0,0,FALSE,NA,1980,0,0.5,0,0,0,0,1,FALSE
"Jac Nellemann","Denmark","Europe","[1976]",0,1,0,0,0,0,0,0,FALSE,NA,1980,0,0,0,0,0,0,1,FALSE
"Patrick Nève","Belgium","Europe","[1976, 1977, 1978]",0,14,10,0,0,0,0,0,FALSE,NA,1980,0,0.714285714285714,0,0,0,0,3,FALSE
"John Nicholson","New Zealand","Australia and Oceania","[1974, 1975]",0,2,1,0,0,0,0,0,FALSE,NA,1970,0,0.5,0,0,0,0,2,FALSE
"Cal Niday","United States","North America","[1953, 1954, 1955]",0,3,3,0,0,0,0,0,FALSE,NA,1950,0,1,0,0,0,0,3,FALSE
"Helmut Niedermayr","West Germany","Europe","[1952]",0,1,1,0,0,0,0,0,FALSE,NA,1950,0,1,0,0,0,0,1,FALSE
"Brausch Niemann","South Africa","Africa","[1963, 1965]",0,2,1,0,0,0,0,0,FALSE,NA,1960,0,0.5,0,0,0,0,2,FALSE
"Gunnar Nilsson","Sweden","Europe","[1976, 1977]",0,32,31,0,1,4,1,31,FALSE,NA,1980,0,0.96875,0.03125,0.125,0.03125,0.96875,2,FALSE
"Hideki Noda","Japan","Asia","[1994]",0,3,3,0,0,0,0,0,FALSE,NA,1990,0,1,0,0,0,0,1,FALSE
"Lando Norris","United Kingdom","Europe","[2019, 2020, 2021, 2022]",0,83,83,1,0,6,5,428,TRUE,NA,2020,0.0120481927710843,1,0,0.072289156626506,0.0602409638554217,5.1566265060241,4,FALSE
"Rodney Nuckey","United Kingdom","Europe","[1953]",0,2,1,0,0,0,0,0,FALSE,NA,1950,0,0.5,0,0,0,0,1,FALSE
"Robert O'Brien","United States","North America","[1952]",0,1,1,0,0,0,0,0,FALSE,NA,1950,0,1,0,0,0,0,1,FALSE
"Esteban Ocon","France","Europe","[2016, 2017, 2018, 2020, 2021, 2022]",0,112,112,0,1,2,0,364,TRUE,NA,2020,0,1,0.00892857142857142,0.0178571428571428,0,3.25,6,FALSE
"Pat O'Connor","United States","North America","[1954, 1955, 1956, 1957, 1958]",0,6,5,1,0,0,0,0,FALSE,NA,1960,0.166666666666667,0.833333333333333,0,0,0,0,5,FALSE
"Casimiro de Oliveira","Portugal","Europe","[1958]",0,1,0,0,0,0,0,0,FALSE,NA,1960,0,0,0,0,0,0,1,FALSE
"Jackie Oliver","United Kingdom","Europe","[1968, 1969, 1970, 1971, 1972, 1973, 1977]",0,52,50,0,0,2,1,13,FALSE,NA,1970,0,0.961538461538462,0,0.0384615384615385,0.0192307692307692,0.25,7,FALSE
"Danny Ongais","United States","North America","[1977, 1978]",0,6,4,0,0,0,0,0,FALSE,NA,1980,0,0.666666666666667,0,0,0,0,2,FALSE
"Rikky von Opel","Liechtenstein","Europe","[1973, 1974]",0,14,10,0,0,0,0,0,FALSE,NA,1970,0,0.714285714285714,0,0,0,0,2,FALSE
"Karl Oppitzhauser","Austria","Europe","[1976]",0,1,0,0,0,0,0,0,FALSE,NA,1980,0,0,0,0,0,0,1,FALSE
"Fritz d'Orey","Brazil","South America","[1959]",0,3,3,0,0,0,0,0,FALSE,NA,1960,0,1,0,0,0,0,1,FALSE
"Arthur Owen","United Kingdom","Europe","[1960]",0,1,1,0,0,0,0,0,FALSE,NA,1960,0,1,0,0,0,0,1,FALSE
"Carlos Pace","Brazil","South America","[1972, 1973, 1974, 1975, 1976, 1977]",0,73,72,1,1,6,5,58,FALSE,NA,1970,0.0136986301369863,0.986301369863014,0.0136986301369863,0.0821917808219178,0.0684931506849315,0.794520547945205,6,FALSE
"Nello Pagani","Italy","Europe","[1950]",0,1,1,0,0,0,0,0,FALSE,NA,1950,0,1,0,0,0,0,1,FALSE
"Riccardo Paletti","Italy","Europe","[1982]",0,8,2,0,0,0,0,0,FALSE,NA,1980,0,0.25,0,0,0,0,1,FALSE
"Torsten Palm","Sweden","Europe","[1975]",0,2,1,0,0,0,0,0,FALSE,NA,1980,0,0.5,0,0,0,0,1,FALSE
"Jolyon Palmer","United Kingdom","Europe","[2016, 2017]",0,37,35,0,0,0,0,9,FALSE,NA,2020,0,0.945945945945946,0,0,0,0.243243243243243,2,FALSE
"Jonathan Palmer","United Kingdom","Europe","[1983, 1984, 1985, 1986, 1987, 1988, 1989]",0,88,83,0,0,0,1,14,FALSE,NA,1990,0,0.943181818181818,0,0,0.0113636363636364,0.159090909090909,7,FALSE
"Olivier Panis","France","Europe","[1994, 1995, 1996, 1997, 1998, 1999, 2001, 2002, 2003, 2004]",0,158,157,0,1,5,0,76,FALSE,NA,2000,0,0.993670886075949,0.00632911392405063,0.0316455696202532,0,0.481012658227848,10,FALSE
"Giorgio Pantano","Italy","Europe","[2004]",0,15,14,0,0,0,0,0,FALSE,NA,2000,0,0.933333333333333,0,0,0,0,1,FALSE
"Massimiliano Papis","Italy","Europe","[1995]",0,7,7,0,0,0,0,0,FALSE,NA,2000,0,1,0,0,0,0,1,FALSE
"Mike Parkes","United Kingdom","Europe","[1959, 1966, 1967]",0,7,6,1,0,2,0,14,FALSE,NA,1960,0.142857142857143,0.857142857142857,0,0.285714285714286,0,2,3,FALSE
"Reg Parnell","United Kingdom","Europe","[1950, 1951, 1952, 1954]",0,7,6,0,0,1,0,9,FALSE,NA,1950,0,0.857142857142857,0,0.142857142857143,0,1.28571428571429,4,FALSE
"Tim Parnell","United Kingdom","Europe","[1959, 1961, 1963]",0,4,2,0,0,0,0,0,FALSE,NA,1960,0,0.5,0,0,0,0,3,FALSE
"Johnnie Parsons","United States","North America","[1950, 1951, 1952, 1953, 1954, 1955, 1956, 1957, 1958]",0,9,9,0,1,1,1,12,FALSE,NA,1950,0,1,0.111111111111111,0.111111111111111,0.111111111111111,1.33333333333333,9,FALSE
"Riccardo Patrese","Italy","Europe","[1977, 1978, 1979, 1980, 1981, 1982, 1983, 1984, 1985, 1986, 1987, 1988, 1989, 1990, 1991, 1992, 1993]",0,257,256,8,6,37,13,281,FALSE,NA,1980,0.0311284046692607,0.996108949416342,0.0233463035019455,0.143968871595331,0.0505836575875486,1.09338521400778,17,FALSE
"Al Pease","Canada","North America","[1967, 1968, 1969]",0,3,2,0,0,0,0,0,FALSE,NA,1970,0,0.666666666666667,0,0,0,0,3,FALSE
"Roger Penske","United States","North America","[1961, 1962]",0,2,2,0,0,0,0,0,FALSE,NA,1960,0,1,0,0,0,0,2,FALSE
"Cesare Perdisa","Italy","Europe","[1955, 1956, 1957]",0,8,8,0,0,2,0,5,FALSE,NA,1960,0,1,0,0.25,0,0.625,3,FALSE
"Sergio Pérez","Mexico","North America","[2011, 2012, 2013, 2014, 2015, 2016, 2017, 2018, 2019, 2020, 2021, 2022]",0,240,236,1,4,27,9,1219,TRUE,NA,2020,0.00416666666666666,0.983333333333333,0.0166666666666667,0.1125,0.0375,5.07916666666667,12,FALSE
"Luis Pérez-Sala","Spain","Europe","[1988, 1989]",0,32,26,0,0,0,0,1,FALSE,NA,1990,0,0.8125,0,0,0,0.03125,2,FALSE
"Larry Perkins","Australia","Australia and Oceania","[1974, 1976, 1977]",0,15,11,0,0,0,0,0,FALSE,NA,1980,0,0.733333333333333,0,0,0,0,3,FALSE
"Henri Pescarolo","France","Europe","[1968, 1970, 1971, 1972, 1973, 1974, 1976]",0,64,57,0,0,1,1,12,FALSE,NA,1970,0,0.890625,0,0.015625,0.015625,0.1875,7,FALSE
"Alessandro Pesenti-Rossi","Italy","Europe","[1976]",0,4,3,0,0,0,0,0,FALSE,NA,1980,0,0.75,0,0,0,0,1,FALSE
"Josef Peters","West Germany","Europe","[1952]",0,1,1,0,0,0,0,0,FALSE,NA,1950,0,1,0,0,0,0,1,FALSE
"Ronnie Peterson","Sweden","Europe","[1970, 1971, 1972, 1973, 1974, 1975, 1976, 1977, 1978]",0,123,123,14,10,26,9,206,FALSE,NA,1970,0.113821138211382,1,0.0813008130081301,0.211382113821138,0.0731707317073171,1.67479674796748,9,FALSE
"Vitaly Petrov","Russia","Europe","[2010, 2011, 2012]",0,58,57,0,0,1,1,64,FALSE,NA,2010,0,0.982758620689655,0,0.0172413793103448,0.0172413793103448,1.10344827586207,3,FALSE
"Alfredo Pián","Argentina","South America","[1950]",0,1,0,0,0,0,0,0,FALSE,NA,1950,0,0,0,0,0,0,1,FALSE
"Oscar Piastri","Australia","Australia and Oceania","[2023]",0,1,1,0,0,0,0,0,TRUE,NA,2020,0,1,0,0,0,0,1,FALSE
"Charles Pic","France","Europe","[2012, 2013]",0,39,39,0,0,0,0,0,FALSE,NA,2010,0,1,0,0,0,0,2,FALSE
"François Picard","France","Europe","[1958]",0,1,1,0,0,0,0,0,FALSE,NA,1960,0,1,0,0,0,0,1,FALSE
"Ernie Pieterse","South Africa","Africa","[1962, 1963, 1965]",0,3,2,0,0,0,0,0,FALSE,NA,1960,0,0.666666666666667,0,0,0,0,3,FALSE
"Paul Pietsch","West Germany","Europe","[1950, 1951, 1952]",0,3,3,0,0,0,0,0,FALSE,NA,1950,0,1,0,0,0,0,3,FALSE
"André Pilette","Belgium","Europe","[1951, 1953, 1954, 1956, 1961, 1963, 1964]",0,14,9,0,0,0,0,2,FALSE,NA,1960,0,0.642857142857143,0,0,0,0.142857142857143,7,FALSE
"Teddy Pilette","Belgium","Europe","[1974, 1977]",0,4,1,0,0,0,0,0,FALSE,NA,1980,0,0.25,0,0,0,0,2,FALSE
"Luigi Piotti","Italy","Europe","[1955, 1956, 1957, 1958]",0,8,5,0,0,0,0,0,FALSE,NA,1960,0,0.625,0,0,0,0,4,FALSE
"David Piper","United Kingdom","Europe","[1959, 1960]",0,3,2,0,0,0,0,0,FALSE,NA,1960,0,0.666666666666667,0,0,0,0,2,FALSE
"Nelson Piquet","Brazil","South America","[1978, 1979, 1980, 1981, 1982, 1983, 1984, 1985, 1986, 1987, 1988, 1989, 1990, 1991]",3,207,204,24,23,60,23,481.5,FALSE,"[1981, 1983, 1987]",1980,0.115942028985507,0.985507246376812,0.111111111111111,0.289855072463768,0.111111111111111,2.32608695652174,14,TRUE
"Nelson Piquet Jr.","Brazil","South America","[2008, 2009]",0,28,28,0,0,1,0,19,FALSE,NA,2010,0,1,0,0.0357142857142857,0,0.678571428571429,2,FALSE
"Renato Pirocchi","Italy","Europe","[1961]",0,1,1,0,0,0,0,0,FALSE,NA,1960,0,1,0,0,0,0,1,FALSE
"Didier Pironi","France","Europe","[1978, 1979, 1980, 1981, 1982]",0,72,70,4,3,13,5,101,FALSE,NA,1980,0.0555555555555556,0.972222222222222,0.0416666666666667,0.180555555555556,0.0694444444444444,1.40277777777778,5,FALSE
"Emanuele Pirro","Italy","Europe","[1989, 1990, 1991]",0,40,37,0,0,0,0,3,FALSE,NA,1990,0,0.925,0,0,0,0.075,3,FALSE
"Antônio Pizzonia","Brazil","South America","[2003, 2004, 2005]",0,20,20,0,0,0,0,8,FALSE,NA,2000,0,1,0,0,0,0.4,3,FALSE
"Eric van de Poele","Belgium","Europe","[1991, 1992]",0,29,5,0,0,0,0,0,FALSE,NA,1990,0,0.172413793103448,0,0,0,0,2,FALSE
"Jacques Pollet","France","Europe","[1954, 1955]",0,5,5,0,0,0,0,0,FALSE,NA,1950,0,1,0,0,0,0,2,FALSE
"Ben Pon","Netherlands","Europe","[1962]",0,1,1,0,0,0,0,0,FALSE,NA,1960,0,1,0,0,0,0,1,FALSE
"Dennis Poore","United Kingdom","Europe","[1952]",0,2,2,0,0,0,0,3,FALSE,NA,1950,0,1,0,0,0,1.5,1,FALSE
"Alfonso de Portago","Spain","Europe","[1956, 1957]",0,5,5,0,0,1,0,4,FALSE,NA,1960,0,1,0,0.2,0,0.8,2,FALSE
"Sam Posey","United States","North America","[1971, 1972]",0,2,2,0,0,0,0,0,FALSE,NA,1970,0,1,0,0,0,0,2,FALSE
"Charles Pozzi","France","Europe","[1950]",0,1,1,0,0,0,0,0,FALSE,NA,1950,0,1,0,0,0,0,1,FALSE
"Jackie Pretorius","South Africa","Africa","[1965, 1968, 1971, 1973]",0,4,3,0,0,0,0,0,FALSE,NA,1970,0,0.75,0,0,0,0,4,FALSE
"Ernesto Prinoth","Italy","Europe","[1962]",0,1,0,0,0,0,0,0,FALSE,NA,1960,0,0,0,0,0,0,1,FALSE
"David Prophet","United Kingdom","Europe","[1963, 1965]",0,2,2,0,0,0,0,0,FALSE,NA,1960,0,1,0,0,0,0,2,FALSE
"Alain Prost","France","Europe","[1980, 1981, 1982, 1983, 1984, 1985, 1986, 1987, 1988, 1989, 1990, 1991, 1993]",4,202,199,33,51,106,41,768.5,FALSE,"[1985, 1986, 1989, 1993]",1990,0.163366336633663,0.985148514851485,0.252475247524752,0.524752475247525,0.202970297029703,3.80445544554455,13,TRUE
"Tom Pryce","United Kingdom","Europe","[1974, 1975, 1976, 1977]",0,42,42,1,0,2,0,19,FALSE,NA,1980,0.0238095238095238,1,0,0.0476190476190476,0,0.452380952380952,4,FALSE
"David Purley","United Kingdom","Europe","[1973, 1974, 1977]",0,11,7,0,0,0,0,0,FALSE,NA,1970,0,0.636363636363636,0,0,0,0,3,FALSE
"Clive Puzey","Rhodesia","Africa","[1965]",0,1,0,0,0,0,0,0,FALSE,NA,1960,0,0,0,0,0,0,1,FALSE
"Dieter Quester","Austria","Europe","[1969, 1974]",0,2,1,0,0,0,0,0,FALSE,NA,1970,0,0.5,0,0,0,0,2,FALSE
"Ian Raby","United Kingdom","Europe","[1963, 1964, 1965]",0,7,3,0,0,0,0,0,FALSE,NA,1960,0,0.428571428571429,0,0,0,0,3,FALSE
"Bobby Rahal","United States","North America","[1978]",0,2,2,0,0,0,0,0,FALSE,NA,1980,0,1,0,0,0,0,1,FALSE
"Kimi Räikkönen","Finland","Europe","[2001, 2002, 2003, 2004, 2005, 2006, 2007, 2008, 2009, 2012, 2013, 2014, 2015, 2016, 2017, 2018, 2019, 2020, 2021]",1,353,349,18,21,103,46,1873,FALSE,"[2007]",2010,0.0509915014164306,0.988668555240793,0.0594900849858357,0.291784702549575,0.130311614730878,5.30594900849858,19,TRUE
"Hermano da Silva Ramos","Brazil","South America","[1955, 1956]",0,7,7,0,0,0,0,2,FALSE,NA,1960,0,1,0,0,0,0.285714285714286,2,FALSE
"Pierre-Henri Raphanel","France","Europe","[1988, 1989]",0,17,1,0,0,0,0,0,FALSE,NA,1990,0,0.0588235294117647,0,0,0,0,2,FALSE
"Dick Rathmann","United States","North America","[1950, 1956, 1958, 1959, 1960]",0,6,5,1,0,0,0,2,FALSE,NA,1960,0.166666666666667,0.833333333333333,0,0,0,0.333333333333333,5,FALSE
"Jim Rathmann","United States","North America","[1950, 1952, 1953, 1954, 1955, 1956, 1957, 1958, 1959, 1960]",0,10,10,0,1,4,2,29,FALSE,NA,1960,0,1,0.1,0.4,0.2,2.9,10,FALSE
"Roland Ratzenberger","Austria","Europe","[1994]",0,3,1,0,0,0,0,0,FALSE,NA,1990,0,0.333333333333333,0,0,0,0,1,FALSE
"Héctor Rebaque","Mexico","North America","[1977, 1978, 1979, 1980, 1981]",0,58,41,0,0,0,0,13,FALSE,NA,1980,0,0.706896551724138,0,0,0,0.224137931034483,5,FALSE
"Brian Redman","United Kingdom","Europe","[1968, 1970, 1971, 1972, 1973, 1974]",0,15,12,0,0,1,0,8,FALSE,NA,1970,0,0.8,0,0.0666666666666667,0,0.533333333333333,6,FALSE
"Jimmy Reece","United States","North America","[1952, 1954, 1955, 1956, 1957, 1958]",0,6,6,0,0,0,0,0,FALSE,NA,1960,0,1,0,0,0,0,6,FALSE
"Ray Reed","Rhodesia","Africa","[1965]",0,1,0,0,0,0,0,0,FALSE,NA,1960,0,0,0,0,0,0,1,FALSE
"Alan Rees","United Kingdom","Europe","[1967]",0,1,1,0,0,0,0,0,FALSE,NA,1970,0,1,0,0,0,0,1,FALSE
"Clay Regazzoni","Switzerland","Europe","[1970, 1971, 1972, 1973, 1974, 1975, 1976, 1977, 1978, 1979, 1980]",0,139,132,5,5,28,15,209,FALSE,NA,1980,0.0359712230215827,0.949640287769784,0.0359712230215827,0.201438848920863,0.107913669064748,1.50359712230216,11,FALSE
"Paul di Resta","United Kingdom","Europe","[2011, 2012, 2013, 2017]",0,59,59,0,0,0,0,121,FALSE,NA,2010,0,1,0,0,0,2.05084745762712,4,FALSE
"Carlos Reutemann","Argentina","South America","[1972, 1973, 1974, 1975, 1976, 1977, 1978, 1979, 1980, 1981, 1982]",0,146,146,6,12,45,6,298,FALSE,NA,1980,0.0410958904109589,1,0.0821917808219178,0.308219178082192,0.0410958904109589,2.04109589041096,11,FALSE
"Lance Reventlow","United States","North America","[1960]",0,4,1,0,0,0,0,0,FALSE,NA,1960,0,0.25,0,0,0,0,1,FALSE
"Peter Revson","United States","North America","[1964, 1971, 1972, 1973, 1974]",0,32,30,1,2,8,0,61,FALSE,NA,1970,0.03125,0.9375,0.0625,0.25,0,1.90625,5,FALSE
"John Rhodes","United Kingdom","Europe","[1965]",0,1,1,0,0,0,0,0,FALSE,NA,1960,0,1,0,0,0,0,1,FALSE
"Alex Ribeiro","Brazil","South America","[1976, 1977, 1979]",0,20,10,0,0,0,0,0,FALSE,NA,1980,0,0.5,0,0,0,0,3,FALSE
"Daniel Ricciardo","Australia","Australia and Oceania","[2011, 2012, 2013, 2014, 2015, 2016, 2017, 2018, 2019, 2020, 2021, 2022]",0,232,232,3,8,32,16,1311,FALSE,NA,2020,0.0129310344827586,1,0.0344827586206896,0.137931034482759,0.0689655172413793,5.65086206896552,12,FALSE
"Ken Richardson","United Kingdom","Europe","[1951]",0,1,0,0,0,0,0,0,FALSE,NA,1950,0,0,0,0,0,0,1,FALSE
"Fritz Riess","West Germany","Europe","[1952]",0,1,1,0,0,0,0,0,FALSE,NA,1950,0,1,0,0,0,0,1,FALSE
"Jim Rigsby","United States","North America","[1952]",0,2,1,0,0,0,0,0,FALSE,NA,1950,0,0.5,0,0,0,0,1,FALSE
"Jochen Rindt","Austria","Europe","[1964, 1965, 1966, 1967, 1968, 1969, 1970]",1,62,60,10,6,13,3,107,FALSE,"[1970]",1970,0.161290322580645,0.967741935483871,0.0967741935483871,0.209677419354839,0.0483870967741935,1.7258064516129,7,TRUE
"John Riseley-Prichard","United Kingdom","Europe","[1954]",0,1,1,0,0,0,0,0,FALSE,NA,1950,0,1,0,0,0,0,1,FALSE
"Giovanni de Riu","Italy","Europe","[1954]",0,1,0,0,0,0,0,0,FALSE,NA,1950,0,0,0,0,0,0,1,FALSE
"Richard Robarts","United Kingdom","Europe","[1974]",0,4,3,0,0,0,0,0,FALSE,NA,1970,0,0.75,0,0,0,0,1,FALSE
"Pedro Rodríguez","Mexico","North America","[1963, 1964, 1965, 1966, 1967, 1968, 1969, 1970, 1971]",0,54,54,0,2,7,1,71,FALSE,NA,1970,0,1,0.037037037037037,0.12962962962963,0.0185185185185185,1.31481481481481,9,FALSE
"Ricardo Rodríguez","Mexico","North America","[1961, 1962]",0,6,5,0,0,0,0,4,FALSE,NA,1960,0,0.833333333333333,0,0,0,0.666666666666667,2,FALSE
"Alberto Rodriguez Larreta","Argentina","South America","[1960]",0,1,1,0,0,0,0,0,FALSE,NA,1960,0,1,0,0,0,0,1,FALSE
"Franco Rol","Italy","Europe","[1950, 1951, 1952]",0,5,5,0,0,0,0,0,FALSE,NA,1950,0,1,0,0,0,0,3,FALSE
"Alan Rollinson","United Kingdom","Europe","[1965]",0,1,0,0,0,0,0,0,FALSE,NA,1960,0,0,0,0,0,0,1,FALSE
"Tony Rolt","United Kingdom","Europe","[1950, 1953, 1955]",0,3,3,0,0,0,0,0,FALSE,NA,1950,0,1,0,0,0,0,3,FALSE
"Bertil Roos","Sweden","Europe","[1974]",0,1,1,0,0,0,0,0,FALSE,NA,1970,0,1,0,0,0,0,1,FALSE
"Pedro de la Rosa","Spain","Europe","[1999, 2000, 2001, 2002, 2005, 2006, 2010, 2011, 2012]",0,107,104,0,0,1,1,35,FALSE,NA,2010,0,0.97196261682243,0,0.00934579439252336,0.00934579439252336,0.327102803738318,9,FALSE
"Keke Rosberg","Finland","Europe","[1978, 1979, 1980, 1981, 1982, 1983, 1984, 1985, 1986]",1,128,114,5,5,17,3,159.5,FALSE,"[1982]",1980,0.0390625,0.890625,0.0390625,0.1328125,0.0234375,1.24609375,9,TRUE
"Nico Rosberg","Germany","Europe","[2006, 2007, 2008, 2009, 2010, 2011, 2012, 2013, 2014, 2015, 2016]",1,206,206,30,23,57,20,1594.5,FALSE,"[2016]",2010,0.145631067961165,1,0.111650485436893,0.276699029126214,0.0970873786407767,7.74029126213592,11,TRUE
"Mauri Rose","United States","North America","[1950, 1951]",0,2,2,0,0,1,0,4,FALSE,NA,1950,0,1,0,0.5,0,2,2,FALSE
"Louis Rosier","France","Europe","[1950, 1951, 1952, 1953, 1954, 1955, 1956]",0,38,38,0,0,2,0,18,FALSE,NA,1950,0,1,0,0.0526315789473684,0,0.473684210526316,7,FALSE
"Ricardo Rosset","Brazil","South America","[1996, 1997, 1998]",0,33,26,0,0,0,0,0,FALSE,NA,2000,0,0.787878787878788,0,0,0,0,3,FALSE
"Alexander Rossi","United States","North America","[2015]",0,7,5,0,0,0,0,0,FALSE,NA,2020,0,0.714285714285714,0,0,0,0,1,FALSE
"Huub Rothengatter","Netherlands","Europe","[1984, 1985, 1986]",0,30,25,0,0,0,0,0,FALSE,NA,1980,0,0.833333333333333,0,0,0,0,3,FALSE
"Basil van Rooyen","South Africa","Africa","[1968, 1969]",0,2,2,0,0,0,0,0,FALSE,NA,1970,0,1,0,0,0,0,2,FALSE
"Lloyd Ruby","United States","North America","[1960, 1961]",0,2,2,0,0,0,0,0,FALSE,NA,1960,0,1,0,0,0,0,2,FALSE
"Jean-Claude Rudaz","Switzerland","Europe","[1964]",0,1,0,0,0,0,0,0,FALSE,NA,1960,0,0,0,0,0,0,1,FALSE
"George Russell","United Kingdom","Europe","[2019, 2020, 2021, 2022]",0,83,83,1,1,9,5,300,TRUE,NA,2020,0.0120481927710843,1,0.0120481927710843,0.108433734939759,0.0602409638554217,3.6144578313253,4,FALSE
"Eddie Russo","United States","North America","[1955, 1956, 1957, 1960]",0,7,4,0,0,0,0,0,FALSE,NA,1960,0,0.571428571428571,0,0,0,0,4,FALSE
"Paul Russo","United States","North America","[1950, 1951, 1952, 1953, 1954, 1955, 1956, 1957, 1958, 1959, 1960]",0,11,8,0,0,1,1,8.5,FALSE,NA,1960,0,0.727272727272727,0,0.0909090909090909,0.0909090909090909,0.772727272727273,11,FALSE
"Troy Ruttman","United States","North America","[1950, 1951, 1952, 1953, 1954, 1955, 1956, 1957, 1958, 1960]",0,12,8,0,1,1,0,9.5,FALSE,NA,1950,0,0.666666666666667,0.0833333333333333,0.0833333333333333,0,0.791666666666667,10,FALSE
"Peter Ryan","Canada","North America","[1961]",0,1,1,0,0,0,0,0,FALSE,NA,1960,0,1,0,0,0,0,1,FALSE
"Eddie Sachs","United States","North America","[1957, 1958, 1959, 1960]",0,7,4,1,0,0,0,0,FALSE,NA,1960,0.142857142857143,0.571428571428571,0,0,0,0,4,FALSE
"Bob Said","United States","North America","[1959]",0,1,1,0,0,0,0,0,FALSE,NA,1960,0,1,0,0,0,0,1,FALSE
"Carlos Sainz Jr.","Spain","Europe","[2015, 2016, 2017, 2018, 2019, 2020, 2021, 2022]",0,164,163,3,1,15,3,794.5,TRUE,NA,2020,0.0182926829268293,0.99390243902439,0.00609756097560975,0.0914634146341463,0.0182926829268293,4.84451219512195,8,FALSE
"Eliseo Salazar","Chile","South America","[1981, 1982, 1983]",0,37,24,0,0,0,0,3,FALSE,NA,1980,0,0.648648648648649,0,0,0,0.0810810810810811,3,FALSE
"Mika Salo","Finland","Europe","[1994, 1995, 1996, 1997, 1998, 1999, 2000, 2002]",0,111,109,0,0,2,0,33,FALSE,NA,2000,0,0.981981981981982,0,0.018018018018018,0,0.297297297297297,8,FALSE
"Roy Salvadori","United Kingdom","Europe","[1952, 1953, 1954, 1955, 1956, 1957, 1958, 1959, 1960, 1961, 1962]",0,50,47,0,0,2,0,19,FALSE,NA,1960,0,0.94,0,0.04,0,0.38,11,FALSE
"Consalvo Sanesi","Italy","Europe","[1950, 1951]",0,5,5,0,0,0,0,3,FALSE,NA,1950,0,1,0,0,0,0.6,2,FALSE
"Stéphane Sarrazin","France","Europe","[1999]",0,1,1,0,0,0,0,0,FALSE,NA,2000,0,1,0,0,0,0,1,FALSE
"Logan Sargeant","United States","North America","[2023]",0,1,1,0,0,0,0,0,TRUE,NA,2020,0,1,0,0,0,0,1,FALSE
"Takuma Sato","Japan","Asia","[2002, 2003, 2004, 2005, 2006, 2007, 2008]",0,92,90,0,0,1,0,44,FALSE,NA,2000,0,0.978260869565217,0,0.0108695652173913,0,0.478260869565217,7,FALSE
"Carl Scarborough","United States","North America","[1951, 1953]",0,2,2,0,0,0,0,0,FALSE,NA,1950,0,1,0,0,0,0,2,FALSE
"Ludovico Scarfiotti","Italy","Europe","[1963, 1964, 1965, 1966, 1967, 1968]",0,12,10,0,1,1,1,17,FALSE,NA,1970,0,0.833333333333333,0.0833333333333333,0.0833333333333333,0.0833333333333333,1.41666666666667,6,FALSE
"Giorgio Scarlatti","Italy","Europe","[1956, 1957, 1958, 1959, 1960, 1961]",0,15,12,0,0,0,0,1,FALSE,NA,1960,0,0.8,0,0,0,0.0666666666666667,6,FALSE
"Ian Scheckter","South Africa","Africa","[1974, 1975, 1976, 1977]",0,20,18,0,0,0,0,0,FALSE,NA,1980,0,0.9,0,0,0,0,4,FALSE
"Jody Scheckter","South Africa","Africa","[1972, 1973, 1974, 1975, 1976, 1977, 1978, 1979, 1980]",1,113,112,3,10,33,5,246,FALSE,"[1979]",1980,0.0265486725663717,0.991150442477876,0.0884955752212389,0.292035398230089,0.0442477876106195,2.17699115044248,9,TRUE
"Harry Schell","United States","North America","[1950, 1951, 1952, 1953, 1954, 1955, 1956, 1957, 1958, 1959, 1960]",0,57,56,0,0,2,0,32,FALSE,NA,1960,0,0.982456140350877,0,0.0350877192982456,0,0.56140350877193,11,FALSE
"Tim Schenken","Australia","Australia and Oceania","[1970, 1971, 1972, 1973, 1974]",0,36,34,0,0,1,0,7,FALSE,NA,1970,0,0.944444444444444,0,0.0277777777777778,0,0.194444444444444,5,FALSE
"Albert Scherrer","Switzerland","Europe","[1953]",0,1,1,0,0,0,0,0,FALSE,NA,1950,0,1,0,0,0,0,1,FALSE
"Domenico Schiattarella","Italy","Europe","[1994, 1995]",0,7,6,0,0,0,0,0,FALSE,NA,1990,0,0.857142857142857,0,0,0,0,2,FALSE
"Heinz Schiller","Switzerland","Europe","[1962]",0,1,1,0,0,0,0,0,FALSE,NA,1960,0,1,0,0,0,0,1,FALSE
"Bill Schindler","United States","North America","[1950, 1951, 1952]",0,3,3,0,0,0,0,0,FALSE,NA,1950,0,1,0,0,0,0,3,FALSE
"Jean-Louis Schlesser","France","Europe","[1983, 1988]",0,2,1,0,0,0,0,0,FALSE,NA,1990,0,0.5,0,0,0,0,2,FALSE
"Jo Schlesser","France","Europe","[1968]",0,3,3,0,0,0,0,0,FALSE,NA,1970,0,1,0,0,0,0,1,FALSE
"Bernd Schneider","West Germany","Europe","[1988, 1989, 1990]",0,34,9,0,0,0,0,0,FALSE,NA,1990,0,0.264705882352941,0,0,0,0,3,FALSE
"Rudolf Schoeller","Switzerland","Europe","[1952]",0,1,1,0,0,0,0,0,FALSE,NA,1950,0,1,0,0,0,0,1,FALSE
"Rob Schroeder","United States","North America","[1962]",0,1,1,0,0,0,0,0,FALSE,NA,1960,0,1,0,0,0,0,1,FALSE
"Michael Schumacher","Germany","Europe","[1991, 1992, 1993, 1994, 1995, 1996, 1997, 1998, 1999, 2000, 2001, 2002, 2003, 2004, 2005, 2006, 2010, 2011, 2012]",7,308,306,68,91,155,77,1566,FALSE,"[1994, 1995, 2000, 2001, 2002, 2003, 2004]",2000,0.220779220779221,0.993506493506494,0.295454545454545,0.503246753246753,0.25,5.08441558441558,19,TRUE
"Mick Schumacher","Germany","Europe","[2021, 2022]",0,44,43,0,0,0,0,12,FALSE,NA,2020,0,0.977272727272727,0,0,0,0.272727272727273,2,FALSE
"Ralf Schumacher","Germany","Europe","[1997, 1998, 1999, 2000, 2001, 2002, 2003, 2004, 2005, 2006, 2007]",0,181,180,6,6,27,8,329,FALSE,NA,2000,0.0331491712707182,0.994475138121547,0.0331491712707182,0.149171270718232,0.0441988950276243,1.81767955801105,11,FALSE
"Vern Schuppan","Australia","Australia and Oceania","[1972, 1974, 1975, 1977]",0,13,9,0,0,0,0,0,FALSE,NA,1970,0,0.692307692307692,0,0,0,0,4,FALSE
"Adolfo Schwelm Cruz","Argentina","South America","[1953]",0,1,1,0,0,0,0,0,FALSE,NA,1950,0,1,0,0,0,0,1,FALSE
"Bob Scott","United States","North America","[1952, 1953, 1954]",0,3,3,0,0,0,0,0,FALSE,NA,1950,0,1,0,0,0,0,3,FALSE
"Archie Scott Brown","United Kingdom","Europe","[1956]",0,1,1,0,0,0,0,0,FALSE,NA,1960,0,1,0,0,0,0,1,FALSE
"Piero Scotti","Italy","Europe","[1956]",0,1,1,0,0,0,0,0,FALSE,NA,1960,0,1,0,0,0,0,1,FALSE
"Wolfgang Seidel","West Germany","Europe","[1953, 1958, 1960, 1961, 1962]",0,12,10,0,0,0,0,0,FALSE,NA,1960,0,0.833333333333333,0,0,0,0,5,FALSE
"Günther Seiffert","West Germany","Europe","[1962]",0,1,0,0,0,0,0,0,FALSE,NA,1960,0,0,0,0,0,0,1,FALSE
"Ayrton Senna","Brazil","South America","[1984, 1985, 1986, 1987, 1988, 1989, 1990, 1991, 1992, 1993, 1994]",3,162,161,65,41,80,19,610,FALSE,"[1988, 1990, 1991]",1990,0.401234567901235,0.993827160493827,0.253086419753086,0.493827160493827,0.117283950617284,3.76543209876543,11,TRUE
"Bruno Senna","Brazil","South America","[2010, 2011, 2012]",0,46,46,0,0,0,1,33,FALSE,NA,2010,0,1,0,0,0.0217391304347826,0.717391304347826,3,FALSE
"Dorino Serafini","Italy","Europe","[1950]",0,1,1,0,0,1,0,3,FALSE,NA,1950,0,1,0,1,0,3,1,FALSE
"Chico Serra","Brazil","South America","[1981, 1982, 1983]",0,33,18,0,0,0,0,1,FALSE,NA,1980,0,0.545454545454545,0,0,0,0.0303030303030303,3,FALSE
"Doug Serrurier","South Africa","Africa","[1962, 1963, 1965]",0,3,2,0,0,0,0,0,FALSE,NA,1960,0,0.666666666666667,0,0,0,0,3,FALSE
"Johnny Servoz-Gavin","France","Europe","[1967, 1968, 1969, 1970]",0,13,12,0,0,1,0,9,FALSE,NA,1970,0,0.923076923076923,0,0.0769230769230769,0,0.692307692307692,4,FALSE
"Tony Settember","United States","North America","[1962, 1963]",0,7,6,0,0,0,0,0,FALSE,NA,1960,0,0.857142857142857,0,0,0,0,2,FALSE
"Hap Sharp","United States","North America","[1961, 1962, 1963, 1964]",0,6,6,0,0,0,0,0,FALSE,NA,1960,0,1,0,0,0,0,4,FALSE
"Brian Shawe-Taylor","United Kingdom","Europe","[1950, 1951]",0,3,2,0,0,0,0,0,FALSE,NA,1950,0,0.666666666666667,0,0,0,0,2,FALSE
"Carroll Shelby","United States","North America","[1958, 1959]",0,8,8,0,0,0,0,0,FALSE,NA,1960,0,1,0,0,0,0,2,FALSE
"Tony Shelly","New Zealand","Australia and Oceania","[1962]",0,3,1,0,0,0,0,0,FALSE,NA,1960,0,0.333333333333333,0,0,0,0,1,FALSE
"Jo Siffert","Switzerland","Europe","[1962, 1963, 1964, 1965, 1966, 1967, 1968, 1969, 1970, 1971]",0,100,96,2,2,6,4,68,FALSE,NA,1970,0.02,0.96,0.02,0.06,0.04,0.68,10,FALSE
"André Simon","France","Europe","[1951, 1952, 1955, 1956, 1957]",0,12,11,0,0,0,0,0,FALSE,NA,1950,0,0.916666666666667,0,0,0,0,5,FALSE
"Sergey Sirotkin","Russia","Europe","[2018]",0,21,21,0,0,0,0,1,FALSE,NA,2020,0,1,0,0,0,0.0476190476190476,1,FALSE
"Rob Slotemaker","Netherlands","Europe","[1962]",0,1,0,0,0,0,0,0,FALSE,NA,1960,0,0,0,0,0,0,1,FALSE
"Moisés Solana","Mexico","North America","[1963, 1964, 1965, 1966, 1967, 1968]",0,8,8,0,0,0,0,0,FALSE,NA,1970,0,1,0,0,0,0,6,FALSE
"Alex Soler-Roig","Spain","Europe","[1970, 1971, 1972]",0,10,6,0,0,0,0,0,FALSE,NA,1970,0,0.6,0,0,0,0,3,FALSE
"Raymond Sommer","France","Europe","[1950]",0,5,5,0,0,0,0,3,FALSE,NA,1950,0,1,0,0,0,0.6,1,FALSE
"Vincenzo Sospiri","Italy","Europe","[1997]",0,1,0,0,0,0,0,0,FALSE,NA,2000,0,0,0,0,0,0,1,FALSE
"Stephen South","United Kingdom","Europe","[1980]",0,1,0,0,0,0,0,0,FALSE,NA,1980,0,0,0,0,0,0,1,FALSE
"Mike Sparken","France","Europe","[1955]",0,1,1,0,0,0,0,0,FALSE,NA,1960,0,1,0,0,0,0,1,FALSE
"Scott Speed","United States","North America","[2006, 2007]",0,28,28,0,0,0,0,0,FALSE,NA,2010,0,1,0,0,0,0,2,FALSE
"Mike Spence","United Kingdom","Europe","[1963, 1964, 1965, 1966, 1967, 1968]",0,37,36,0,0,1,0,27,FALSE,NA,1970,0,0.972972972972973,0,0.027027027027027,0,0.72972972972973,6,FALSE
"Alan Stacey","United Kingdom","Europe","[1958, 1959, 1960]",0,7,7,0,0,0,0,0,FALSE,NA,1960,0,1,0,0,0,0,3,FALSE
"Gaetano Starrabba","Italy","Europe","[1961]",0,1,1,0,0,0,0,0,FALSE,NA,1960,0,1,0,0,0,0,1,FALSE
"Will Stevens","United Kingdom","Europe","[2014, 2015]",0,20,18,0,0,0,0,0,FALSE,NA,2010,0,0.9,0,0,0,0,2,FALSE
"Chuck Stevenson","United States","North America","[1951, 1952, 1953, 1954, 1960]",0,5,5,0,0,0,0,0,FALSE,NA,1950,0,1,0,0,0,0,5,FALSE
"Ian Stewart","United Kingdom","Europe","[1953]",0,1,1,0,0,0,0,0,FALSE,NA,1950,0,1,0,0,0,0,1,FALSE
"Jackie Stewart","United Kingdom","Europe","[1965, 1966, 1967, 1968, 1969, 1970, 1971, 1972, 1973]",3,100,99,17,27,43,15,359,FALSE,"[1969, 1971, 1973]",1970,0.17,0.99,0.27,0.43,0.15,3.59,9,TRUE
"Jimmy Stewart","United Kingdom","Europe","[1953]",0,1,1,0,0,0,0,0,FALSE,NA,1950,0,1,0,0,0,0,1,FALSE
"Siegfried Stohr","Italy","Europe","[1981]",0,13,9,0,0,0,0,0,FALSE,NA,1980,0,0.692307692307692,0,0,0,0,1,FALSE
"Rolf Stommelen","West Germany","Europe","[1970, 1971, 1972, 1973, 1974, 1975, 1976, 1978]",0,63,54,0,0,1,0,14,FALSE,NA,1970,0,0.857142857142857,0,0.0158730158730159,0,0.222222222222222,8,FALSE
"Philippe Streiff","France","Europe","[1984, 1985, 1986, 1987, 1988]",0,54,53,0,0,1,0,11,FALSE,NA,1990,0,0.981481481481482,0,0.0185185185185185,0,0.203703703703704,5,FALSE
"Lance Stroll","Canada","North America","[2017, 2018, 2019, 2020, 2021, 2022]",0,124,123,1,0,3,0,202,TRUE,NA,2020,0.00806451612903225,0.991935483870968,0,0.0241935483870968,0,1.62903225806452,6,FALSE
"Hans Stuck","West Germany","Europe","[1951, 1952, 1953]",0,5,3,0,0,0,0,0,FALSE,NA,1950,0,0.6,0,0,0,0,3,FALSE
"Hans-Joachim Stuck","West Germany","Europe","[1974, 1975, 1976, 1977, 1978, 1979]",0,81,74,0,0,2,0,29,FALSE,NA,1980,0,0.91358024691358,0,0.0246913580246913,0,0.358024691358025,6,FALSE
"Otto Stuppacher","Austria","Europe","[1976]",0,3,0,0,0,0,0,0,FALSE,NA,1980,0,0,0,0,0,0,1,FALSE
"Danny Sullivan","United States","North America","[1983]",0,15,15,0,0,0,0,2,FALSE,NA,1980,0,1,0,0,0,0.133333333333333,1,FALSE
"Marc Surer","Switzerland","Europe","[1979, 1980, 1981, 1982, 1983, 1984, 1985, 1986]",0,88,82,0,0,0,1,17,FALSE,NA,1980,0,0.931818181818182,0,0,0.0113636363636364,0.193181818181818,8,FALSE
"John Surtees","United Kingdom","Europe","[1960, 1961, 1962, 1963, 1964, 1965, 1966, 1967, 1968, 1969, 1970, 1971, 1972]",1,113,111,8,6,24,10,180,FALSE,"[1964]",1970,0.0707964601769911,0.982300884955752,0.0530973451327434,0.212389380530973,0.0884955752212389,1.5929203539823,13,TRUE
"Andy Sutcliffe","United Kingdom","Europe","[1977]",0,1,0,0,0,0,0,0,FALSE,NA,1980,0,0,0,0,0,0,1,FALSE
"Adrian Sutil","Germany","Europe","[2007, 2008, 2009, 2010, 2011, 2013, 2014]",0,128,128,0,0,0,1,124,FALSE,NA,2010,0,1,0,0,0.0078125,0.96875,7,FALSE
"Len Sutton","United States","North America","[1958, 1959, 1960]",0,4,3,0,0,0,0,0,FALSE,NA,1960,0,0.75,0,0,0,0,3,FALSE
"Aguri Suzuki","Japan","Asia","[1988, 1989, 1990, 1991, 1992, 1993, 1994, 1995]",0,88,65,0,0,1,0,8,FALSE,NA,1990,0,0.738636363636364,0,0.0113636363636364,0,0.0909090909090909,8,FALSE
"Toshio Suzuki","Japan","Asia","[1993]",0,2,2,0,0,0,0,0,FALSE,NA,1990,0,1,0,0,0,0,1,FALSE
"Jacques Swaters","Belgium","Europe","[1951, 1953, 1954]",0,8,7,0,0,0,0,0,FALSE,NA,1950,0,0.875,0,0,0,0,3,FALSE
"Bob Sweikert","United States","North America","[1952, 1953, 1954, 1955, 1956]",0,7,5,0,1,1,0,8,FALSE,NA,1950,0,0.714285714285714,0.142857142857143,0.142857142857143,0,1.14285714285714,5,FALSE
"Toranosuke Takagi","Japan","Asia","[1998, 1999]",0,32,32,0,0,0,0,0,FALSE,NA,2000,0,1,0,0,0,0,2,FALSE
"Noritake Takahara","Japan","Asia","[1976, 1977]",0,2,2,0,0,0,0,0,FALSE,NA,1980,0,1,0,0,0,0,2,FALSE
"Kunimitsu Takahashi","Japan","Asia","[1977]",0,1,1,0,0,0,0,0,FALSE,NA,1980,0,1,0,0,0,0,1,FALSE
"Patrick Tambay","France","Europe","[1977, 1978, 1979, 1981, 1982, 1983, 1984, 1985, 1986]",0,123,114,5,2,11,2,103,FALSE,NA,1980,0.040650406504065,0.926829268292683,0.016260162601626,0.0894308943089431,0.016260162601626,0.83739837398374,9,FALSE
"Luigi Taramazzo","Italy","Europe","[1958]",0,1,0,0,0,0,0,0,FALSE,NA,1960,0,0,0,0,0,0,1,FALSE
"Gabriele Tarquini","Italy","Europe","[1987, 1988, 1989, 1990, 1991, 1992, 1995]",0,79,38,0,0,0,0,1,FALSE,NA,1990,0,0.481012658227848,0,0,0,0.0126582278481013,7,FALSE
"Piero Taruffi","Italy","Europe","[1950, 1951, 1952, 1954, 1955, 1956]",0,19,18,0,1,5,1,41,FALSE,NA,1950,0,0.947368421052632,0.0526315789473684,0.263157894736842,0.0526315789473684,2.15789473684211,6,FALSE
"Dennis Taylor","United Kingdom","Europe","[1959]",0,1,0,0,0,0,0,0,FALSE,NA,1960,0,0,0,0,0,0,1,FALSE
"Henry Taylor","United Kingdom","Europe","[1959, 1960, 1961]",0,11,8,0,0,0,0,3,FALSE,NA,1960,0,0.727272727272727,0,0,0,0.272727272727273,3,FALSE
"John Taylor","United Kingdom","Europe","[1964, 1966]",0,5,5,0,0,0,0,1,FALSE,NA,1960,0,1,0,0,0,0.2,2,FALSE
"Mike Taylor","United Kingdom","Europe","[1959, 1960]",0,2,1,0,0,0,0,0,FALSE,NA,1960,0,0.5,0,0,0,0,2,FALSE
"Trevor Taylor","United Kingdom","Europe","[1959, 1961, 1962, 1963, 1964, 1966]",0,29,27,0,0,1,0,8,FALSE,NA,1960,0,0.931034482758621,0,0.0344827586206896,0,0.275862068965517,6,FALSE
"Marshall Teague","United States","North America","[1953, 1954, 1957]",0,5,3,0,0,0,0,0,FALSE,NA,1950,0,0.6,0,0,0,0,3,FALSE
"Shorty Templeman","United States","North America","[1955, 1958, 1960]",0,5,3,0,0,0,0,0,FALSE,NA,1960,0,0.6,0,0,0,0,3,FALSE
"Max de Terra","Switzerland","Europe","[1952, 1953]",0,2,2,0,0,0,0,0,FALSE,NA,1950,0,1,0,0,0,0,2,FALSE
"André Testut","Monaco","Europe","[1958, 1959]",0,2,0,0,0,0,0,0,FALSE,NA,1960,0,0,0,0,0,0,2,FALSE
"Mike Thackwell","New Zealand","Australia and Oceania","[1980, 1984]",0,5,2,0,0,0,0,0,FALSE,NA,1980,0,0.4,0,0,0,0,2,FALSE
"Alfonso Thiele","United States","North America","[1960]",0,1,1,0,0,0,0,0,FALSE,NA,1960,0,1,0,0,0,0,1,FALSE
"Eric Thompson","United Kingdom","Europe","[1952]",0,1,1,0,0,0,0,2,FALSE,NA,1950,0,1,0,0,0,2,1,FALSE
"Johnny Thomson","United States","North America","[1953, 1954, 1955, 1956, 1957, 1958, 1959, 1960]",0,8,8,1,0,1,1,10,FALSE,NA,1960,0.125,1,0,0.125,0.125,1.25,8,FALSE
"Leslie Thorne","United Kingdom","Europe","[1954]",0,1,1,0,0,0,0,0,FALSE,NA,1950,0,1,0,0,0,0,1,FALSE
"Bud Tingelstad","United States","North America","[1960]",0,1,1,0,0,0,0,0,FALSE,NA,1960,0,1,0,0,0,0,1,FALSE
"Sam Tingle","Rhodesia","Africa","[1963, 1965, 1967, 1968, 1969]",0,5,5,0,0,0,0,0,FALSE,NA,1970,0,1,0,0,0,0,5,FALSE
"Desmond Titterington","United Kingdom","Europe","[1956]",0,1,1,0,0,0,0,0,FALSE,NA,1960,0,1,0,0,0,0,1,FALSE
"Johnnie Tolan","United States","North America","[1956, 1957, 1958]",0,7,3,0,0,0,0,0,FALSE,NA,1960,0,0.428571428571429,0,0,0,0,3,FALSE
"Alejandro de Tomaso","Argentina","South America","[1957, 1959]",0,2,2,0,0,0,0,0,FALSE,NA,1960,0,1,0,0,0,0,2,FALSE
"Charles de Tornaco","Belgium","Europe","[1952, 1953]",0,4,2,0,0,0,0,0,FALSE,NA,1950,0,0.5,0,0,0,0,2,FALSE
"Tony Trimmer","United Kingdom","Europe","[1975, 1976, 1977, 1978]",0,6,0,0,0,0,0,0,FALSE,NA,1980,0,0,0,0,0,0,4,FALSE
"Maurice Trintignant","France","Europe","[1950, 1951, 1952, 1953, 1954, 1955, 1956, 1957, 1958, 1959, 1960, 1961, 1962, 1963, 1964]",0,84,82,0,2,10,1,72.33,FALSE,NA,1960,0,0.976190476190476,0.0238095238095238,0.119047619047619,0.0119047619047619,0.861071428571429,15,FALSE
"Wolfgang von Trips","West Germany","Europe","[1956, 1957, 1958, 1959, 1960, 1961]",0,29,27,1,2,6,0,56,FALSE,NA,1960,0.0344827586206896,0.931034482758621,0.0689655172413793,0.206896551724138,0,1.93103448275862,6,FALSE
"Jarno Trulli","Italy","Europe","[1997, 1998, 1999, 2000, 2001, 2002, 2003, 2004, 2005, 2006, 2007, 2008, 2009, 2010, 2011]",0,256,252,4,1,11,1,246.5,FALSE,NA,2000,0.015625,0.984375,0.00390625,0.04296875,0.00390625,0.962890625,15,FALSE
"Yuki Tsunoda","Japan","Asia","[2021, 2022]",0,45,43,0,0,0,0,44,TRUE,NA,2020,0,0.955555555555556,0,0,0,0.977777777777778,2,FALSE
"Esteban Tuero","Argentina","South America","[1998]",0,16,16,0,0,0,0,0,FALSE,NA,2000,0,1,0,0,0,0,1,FALSE
"Guy Tunmer","South Africa","Africa","[1975]",0,1,1,0,0,0,0,0,FALSE,NA,1980,0,1,0,0,0,0,1,FALSE
"Jack Turner","United States","North America","[1956, 1957, 1958, 1959]",0,5,4,0,0,0,0,0,FALSE,NA,1960,0,0.8,0,0,0,0,4,FALSE
"Toni Ulmen","West Germany","Europe","[1952]",0,2,2,0,0,0,0,0,FALSE,NA,1950,0,1,0,0,0,0,1,FALSE
"Bobby Unser","United States","North America","[1968]",0,2,1,0,0,0,0,0,FALSE,NA,1970,0,0.5,0,0,0,0,1,FALSE
"Jerry Unser Jr.","United States","North America","[1958]",0,1,1,0,0,0,0,0,FALSE,NA,1960,0,1,0,0,0,0,1,FALSE
"Alberto Uria","Uruguay","Africa","[1955, 1956]",0,2,2,0,0,0,0,0,FALSE,NA,1960,0,1,0,0,0,0,2,FALSE
"Nino Vaccarella","Italy","Europe","[1961, 1962, 1965]",0,5,4,0,0,0,0,0,FALSE,NA,1960,0,0.8,0,0,0,0,3,FALSE
"Stoffel Vandoorne","Belgium","Europe","[2016, 2017, 2018]",0,42,41,0,0,0,0,26,FALSE,NA,2020,0,0.976190476190476,0,0,0,0.619047619047619,3,FALSE
"Bob Veith","United States","North America","[1956, 1957, 1958, 1959, 1960]",0,5,5,0,0,0,0,0,FALSE,NA,1960,0,1,0,0,0,0,5,FALSE
"Jean-Éric Vergne","France","Europe","[2012, 2013, 2014]",0,58,58,0,0,0,0,51,FALSE,NA,2010,0,1,0,0,0,0.879310344827586,3,FALSE
"Jos Verstappen","Netherlands","Europe","[1994, 1995, 1996, 1997, 1998, 2000, 2001, 2003]",0,107,106,0,0,2,0,17,FALSE,NA,2000,0,0.990654205607477,0,0.0186915887850467,0,0.158878504672897,8,FALSE
"Max Verstappen","Netherlands","Europe","[2015, 2016, 2017, 2018, 2019, 2020, 2021, 2022]",2,164,164,21,36,78,21,2036.5,TRUE,"[2021, 2022]",2020,0.128048780487805,1,0.219512195121951,0.475609756097561,0.128048780487805,12.4176829268293,8,TRUE
"Sebastian Vettel","Germany","Europe","[2007, 2008, 2009, 2010, 2011, 2012, 2013, 2014, 2015, 2016, 2017, 2018, 2019, 2020, 2021, 2022]",4,300,299,57,53,122,38,3098,FALSE,"[2010, 2011, 2012, 2013]",2010,0.19,0.996666666666667,0.176666666666667,0.406666666666667,0.126666666666667,10.3266666666667,16,TRUE
"Gilles Villeneuve","Canada","North America","[1977, 1978, 1979, 1980, 1981, 1982]",0,68,67,2,6,13,8,101,FALSE,NA,1980,0.0294117647058823,0.985294117647059,0.0882352941176471,0.191176470588235,0.117647058823529,1.48529411764706,6,FALSE
"Jacques Villeneuve","Canada","North America","[1996, 1997, 1998, 1999, 2000, 2001, 2002, 2003, 2004, 2005, 2006]",1,165,163,13,11,23,9,235,FALSE,"[1997]",2000,0.0787878787878788,0.987878787878788,0.0666666666666667,0.139393939393939,0.0545454545454545,1.42424242424242,11,TRUE
"Jacques Villeneuve Sr.","Canada","North America","[1981, 1983]",0,3,0,0,0,0,0,0,FALSE,NA,1980,0,0,0,0,0,0,2,FALSE
"Luigi Villoresi","Italy","Europe","[1950, 1951, 1952, 1953, 1954, 1955, 1956]",0,34,31,0,0,8,1,46,FALSE,NA,1950,0,0.911764705882353,0,0.235294117647059,0.0294117647058823,1.35294117647059,7,FALSE
"Emilio de Villota","Spain","Europe","[1976, 1977, 1978, 1981, 1982]",0,15,2,0,0,0,0,0,FALSE,NA,1980,0,0.133333333333333,0,0,0,0,5,FALSE
"Ottorino Volonterio","Switzerland","Europe","[1954, 1956, 1957]",0,3,3,0,0,0,0,0,FALSE,NA,1960,0,1,0,0,0,0,3,FALSE
"Jo Vonlanthen","Switzerland","Europe","[1975]",0,1,1,0,0,0,0,0,FALSE,NA,1980,0,1,0,0,0,0,1,FALSE
"Ernie de Vos","Canada","North America","[1963]",0,1,0,0,0,0,0,0,FALSE,NA,1960,0,0,0,0,0,0,1,FALSE
"Nyck de Vries","Netherlands","Europe","[2022]",0,2,2,0,0,0,0,2,TRUE,NA,2020,0,1,0,0,0,1,1,FALSE
"Bill Vukovich","United States","North America","[1951, 1952, 1953, 1954, 1955]",0,6,5,1,2,2,3,19,FALSE,NA,1950,0.166666666666667,0.833333333333333,0.333333333333333,0.333333333333333,0.5,3.16666666666667,5,FALSE
"Syd van der Vyver","South Africa","Africa","[1962]",0,1,0,0,0,0,0,0,FALSE,NA,1960,0,0,0,0,0,0,1,FALSE
"Fred Wacker","United States","North America","[1953, 1954]",0,5,3,0,0,0,0,0,FALSE,NA,1950,0,0.6,0,0,0,0,2,FALSE
"David Walker","Australia","Australia and Oceania","[1971, 1972]",0,11,11,0,0,0,0,0,FALSE,NA,1970,0,1,0,0,0,0,2,FALSE
"Peter Walker","United Kingdom","Europe","[1950, 1951, 1955]",0,4,4,0,0,0,0,0,FALSE,NA,1950,0,1,0,0,0,0,3,FALSE
"Lee Wallard","United States","North America","[1950, 1951]",0,3,2,0,1,1,1,9,FALSE,NA,1950,0,0.666666666666667,0.333333333333333,0.333333333333333,0.333333333333333,3,2,FALSE
"Heini Walter","Switzerland","Europe","[1962]",0,1,1,0,0,0,0,0,FALSE,NA,1960,0,1,0,0,0,0,1,FALSE
"Rodger Ward","United States","North America","[1951, 1952, 1953, 1954, 1955, 1956, 1957, 1958, 1959, 1960, 1963]",0,12,12,0,1,2,0,14,FALSE,NA,1960,0,1,0.0833333333333333,0.166666666666667,0,1.16666666666667,11,FALSE
"Derek Warwick","United Kingdom","Europe","[1981, 1982, 1983, 1984, 1985, 1986, 1987, 1988, 1989, 1990, 1993]",0,162,147,0,0,4,2,71,FALSE,NA,1990,0,0.907407407407407,0,0.0246913580246913,0.0123456790123457,0.438271604938272,11,FALSE
"John Watson","United Kingdom","Europe","[1973, 1974, 1975, 1976, 1977, 1978, 1979, 1980, 1981, 1982, 1983, 1985]",0,154,152,2,5,20,5,169,FALSE,NA,1980,0.012987012987013,0.987012987012987,0.0324675324675325,0.12987012987013,0.0324675324675325,1.0974025974026,12,FALSE
"Spider Webb","United States","North America","[1950, 1952, 1953, 1954]",0,5,4,0,0,0,0,0,FALSE,NA,1950,0,0.8,0,0,0,0,4,FALSE
"Mark Webber","Australia","Australia and Oceania","[2002, 2003, 2004, 2005, 2006, 2007, 2008, 2009, 2010, 2011, 2012, 2013]",0,217,215,13,9,42,19,1047.5,FALSE,NA,2010,0.0599078341013825,0.990783410138249,0.0414746543778802,0.193548387096774,0.0875576036866359,4.82718894009217,12,FALSE
"Pascal Wehrlein","Germany","Europe","[2016, 2017]",0,40,39,0,0,0,0,6,FALSE,NA,2020,0,0.975,0,0,0,0.15,2,FALSE
"Volker Weidler","West Germany","Europe","[1989]",0,10,0,0,0,0,0,0,FALSE,NA,1990,0,0,0,0,0,0,1,FALSE
"Wayne Weiler","United States","North America","[1960]",0,1,1,0,0,0,0,0,FALSE,NA,1960,0,1,0,0,0,0,1,FALSE
"Karl Wendlinger","Austria","Europe","[1991, 1992, 1993, 1994, 1995]",0,42,41,0,0,0,0,14,FALSE,NA,1990,0,0.976190476190476,0,0,0,0.333333333333333,5,FALSE
"Peter Westbury","United Kingdom","Europe","[1970]",0,2,1,0,0,0,0,0,FALSE,NA,1970,0,0.5,0,0,0,0,1,FALSE
"Chuck Weyant","United States","North America","[1955, 1957, 1958, 1959]",0,6,4,0,0,0,0,0,FALSE,NA,1960,0,0.666666666666667,0,0,0,0,4,FALSE
"Ken Wharton","United Kingdom","Europe","[1952, 1953, 1954, 1955]",0,16,15,0,0,0,0,3,FALSE,NA,1950,0,0.9375,0,0,0,0.1875,4,FALSE
"Ted Whiteaway","United Kingdom","Europe","[1955]",0,1,0,0,0,0,0,0,FALSE,NA,1960,0,0,0,0,0,0,1,FALSE
"Graham Whitehead","United Kingdom","Europe","[1952]",0,1,1,0,0,0,0,0,FALSE,NA,1950,0,1,0,0,0,0,1,FALSE
"Peter Whitehead","United Kingdom","Europe","[1950, 1951, 1952, 1953, 1954]",0,12,10,0,0,1,0,4,FALSE,NA,1950,0,0.833333333333333,0,0.0833333333333333,0,0.333333333333333,5,FALSE
"Bill Whitehouse","United Kingdom","Europe","[1954]",0,1,1,0,0,0,0,0,FALSE,NA,1950,0,1,0,0,0,0,1,FALSE
"Robin Widdows","United Kingdom","Europe","[1968]",0,1,1,0,0,0,0,0,FALSE,NA,1970,0,1,0,0,0,0,1,FALSE
"Eppie Wietzes","Canada","North America","[1967, 1974]",0,2,2,0,0,0,0,0,FALSE,NA,1970,0,1,0,0,0,0,2,FALSE
"Mike Wilds","United Kingdom","Europe","[1974, 1975, 1976]",0,8,3,0,0,0,0,0,FALSE,NA,1980,0,0.375,0,0,0,0,3,FALSE
"Jonathan Williams","United Kingdom","Europe","[1967]",0,1,1,0,0,0,0,0,FALSE,NA,1970,0,1,0,0,0,0,1,FALSE
"Roger Williamson","United Kingdom","Europe","[1973]",0,2,2,0,0,0,0,0,FALSE,NA,1970,0,1,0,0,0,0,1,FALSE
"Dempsey Wilson","United States","North America","[1958, 1960]",0,5,2,0,0,0,0,0,FALSE,NA,1960,0,0.4,0,0,0,0,2,FALSE
"Desiré Wilson","South Africa","Africa","[1980]",0,1,0,0,0,0,0,0,FALSE,NA,1980,0,0,0,0,0,0,1,FALSE
"Justin Wilson","United Kingdom","Europe","[2003]",0,16,16,0,0,0,0,1,FALSE,NA,2000,0,1,0,0,0,0.0625,1,FALSE
"Vic Wilson","United Kingdom","Europe","[1960, 1966]",0,2,1,0,0,0,0,0,FALSE,NA,1960,0,0.5,0,0,0,0,2,FALSE
"Joachim Winkelhock","West Germany","Europe","[1989]",0,7,0,0,0,0,0,0,FALSE,NA,1990,0,0,0,0,0,0,1,FALSE
"Manfred Winkelhock","West Germany","Europe","[1980, 1982, 1983, 1984, 1985]",0,56,47,0,0,0,0,2,FALSE,NA,1980,0,0.839285714285714,0,0,0,0.0357142857142857,5,FALSE
"Markus Winkelhock","Germany","Europe","[2007]",0,1,1,0,0,0,0,0,FALSE,NA,2010,0,1,0,0,0,0,1,FALSE
"Reine Wisell","Sweden","Europe","[1970, 1971, 1972, 1973, 1974]",0,23,22,0,0,1,0,13,FALSE,NA,1970,0,0.956521739130435,0,0.0434782608695652,0,0.565217391304348,5,FALSE
"Roelof Wunderink","Netherlands","Europe","[1975]",0,6,3,0,0,0,0,0,FALSE,NA,1980,0,0.5,0,0,0,0,1,FALSE
"Alexander Wurz","Austria","Europe","[1997, 1998, 1999, 2000, 2005, 2007]",0,69,69,0,0,3,1,45,FALSE,NA,2000,0,1,0,0.0434782608695652,0.0144927536231884,0.652173913043478,6,FALSE
"Sakon Yamamoto","Japan","Asia","[2006, 2007, 2010]",0,21,21,0,0,0,0,0,FALSE,NA,2010,0,1,0,0,0,0,3,FALSE
"Alex Yoong","Malaysia","Asia","[2001, 2002]",0,18,14,0,0,0,0,0,FALSE,NA,2000,0,0.777777777777778,0,0,0,0,2,FALSE
"Alessandro Zanardi","Italy","Europe","[1991, 1992, 1993, 1994, 1999]",0,44,41,0,0,0,0,1,FALSE,NA,1990,0,0.931818181818182,0,0,0,0.0227272727272727,5,FALSE
"Emilio Zapico","Spain","Europe","[1976]",0,1,0,0,0,0,0,0,FALSE,NA,1980,0,0,0,0,0,0,1,FALSE
"Zhou Guanyu","China","Asia","[2022]",0,23,23,0,0,0,2,6,TRUE,NA,2020,0,1,0,0,0.0869565217391304,0.260869565217391,1,FALSE
"Ricardo Zonta","Brazil","South America","[1999, 2000, 2001, 2004, 2005]",0,37,36,0,0,0,0,3,FALSE,NA,2000,0,0.972972972972973,0,0,0,0.0810810810810811,5,FALSE
"Renzo Zorzi","Italy","Europe","[1975, 1976, 1977]",0,7,7,0,0,0,0,1,FALSE,NA,1980,0,1,0,0,0,0.142857142857143,3,FALSE
"Ricardo Zunino","Argentina","South America","[1979, 1980, 1981]",0,11,10,0,0,0,0,0,FALSE,NA,1980,0,0.909090909090909,0,0,0,0,3,FALSE
